x,y,label,pred,split
22.0744,4.311,B-cell,B-cell,test
0.7401,-12.4923,Erythrocyte,Erythrocyte,train
-13.7037,1.6593,Neutrophil,Neutrophil,train
-15.1774,-0.3928,Neutrophil,Neutrophil,test
-9.4136,7.3953,Monocyte,Monocyte,train
1.2694,-17.0376,Erythrocyte,Erythrocyte,train
16.2994,7.044,B-cell,B-cell,train
17.1881,6.6846,B-cell,B-cell,train
-13.612,4.3395,Monocyte,Monocyte,test
10.7861,-5.2051,NK,T-cell,train
-8.7757,-8.4111,Dendritic,Dendritic,test
-15.5083,0.4496,Neutrophil,Neutrophil,test
4.5077,-13.6194,Erythrocyte,Erythrocyte,train
-7.5271,8.4207,Monocyte,Monocyte,train
7.912,-4.215,B-cell,B-cell,train
-0.9004,-10.3931,Erythrocyte,Erythrocyte,train
17.5955,-0.0532,B-cell,B-cell,train
-14.6992,0.1047,Neutrophil,Neutrophil,train
8.5859,-8.6989,NK,B-cell,test
-14.4337,3.4361,Neutrophil,Neutrophil,train
17.4861,6.2976,T-cell,T-cell,test
-2.2564,-13.6033,Erythrocyte,Erythrocyte,train
11.8826,-7.5962,Platelet,Platelet,train
10.826,-8.6659,NK,NK,test
14.3623,-1.9108,B-cell,B-cell,train
15.9855,9.6217,T-cell,T-cell,train
8.4848,-10.9906,Platelet,Platelet,train
16.309,9.3125,T-cell,T-cell,train
20.05,-0.0946,B-cell,NK,test
13.3258,0.9227,T-cell,T-cell,train
2.7059,-19.3199,Platelet,Platelet,train
19.4729,-6.8665,NK,NK,test
-1.0204,-16.3807,Erythrocyte,Erythrocyte,test
17.9424,5.1769,B-cell,B-cell,test
18.8791,0.6032,B-cell,B-cell,train
21.3978,1.8207,B-cell,B-cell,train
17.0696,-3.5474,B-cell,B-cell,train
12.9459,1.0169,T-cell,T-cell,train
18.8719,-3.1053,NK,NK,train
1.0261,-12.1046,Erythrocyte,Erythrocyte,train
11.563,-3.8532,T-cell,T-cell,train
12.7756,-2.3098,T-cell,T-cell,train
-6.2103,14.5274,Monocyte,Monocyte,test
-10.8783,7.6358,Monocyte,Monocyte,train
-12.007,6.4226,Monocyte,Monocyte,train
-9.3775,-10.9247,Dendritic,Dendritic,test
23.8144,7.4925,B-cell,B-cell,train
-3.8672,-14.008,Erythrocyte,Erythrocyte,train
8.2924,-10.9606,Platelet,Platelet,test
1.8386,-12.9495,Erythrocyte,Erythrocyte,train
-1.5997,-11.9271,Erythrocyte,Erythrocyte,train
-16.7025,2.8673,Neutrophil,Neutrophil,train
17.6784,0.9506,B-cell,B-cell,train
11.3988,5.3228,T-cell,T-cell,train
20.1888,5.3677,B-cell,B-cell,train
15.4181,-1.5913,NK,NK,train
23.0386,0.6738,B-cell,B-cell,train
18.7494,-2.7685,NK,NK,train
-1.7024,-6.6711,Erythrocyte,Erythrocyte,train
-11.3194,13.4668,Monocyte,Monocyte,test
16.519,-0.6175,T-cell,T-cell,train
15.4274,-4.7272,T-cell,T-cell,train
-6.1974,10.7152,Monocyte,Monocyte,train
-14.4558,-5.1477,Neutrophil,Neutrophil,test
-16.0648,-0.5679,Neutrophil,Neutrophil,train
13.9539,-6.4054,NK,NK,test
-16.9793,-5.1784,Neutrophil,Neutrophil,train
17.3311,-3.5924,B-cell,B-cell,train
21.5698,6.05,B-cell,B-cell,train
-14.9573,1.0823,Neutrophil,Neutrophil,test
5.6391,-20.6531,Erythrocyte,Erythrocyte,train
-9.4819,-11.1634,Dendritic,Dendritic,train
-1.3176,-14.3314,Erythrocyte,Erythrocyte,train
7.7395,-10.7475,Platelet,Platelet,train
-16.1106,-2.7317,Neutrophil,Neutrophil,train
-5.9251,12.3909,Monocyte,Monocyte,train
-12.3516,2.7666,Neutrophil,Neutrophil,train
-8.4474,15.4511,Monocyte,Monocyte,train
-15.3333,-1.2912,Neutrophil,Neutrophil,train
19.156,-6.049,NK,NK,test
11.5725,-2.7451,T-cell,NK,train
17.3818,-0.6174,B-cell,B-cell,test
9.7529,-0.1387,T-cell,T-cell,test
12.5702,-1.1528,T-cell,T-cell,train
-9.3138,10.365,Monocyte,Monocyte,train
-8.555,11.5656,Monocyte,Monocyte,train
18.8376,-4.2649,NK,NK,train
10.1052,-2.3745,T-cell,T-cell,train
14.375,-6.9352,T-cell,T-cell,test
18.1617,6.4653,T-cell,T-cell,train
14.0454,3.3962,T-cell,T-cell,train
-8.6648,6.0202,Monocyte,Monocyte,train
22.5047,3.8944,T-cell,T-cell,test
13.642,-7.8666,Platelet,Platelet,train
3.9033,-19.048,Erythrocyte,Erythrocyte,train
14.6212,-3.1559,B-cell,B-cell,train
-9.4454,0.9773,Neutrophil,Neutrophil,train
-11.929,2.9217,Neutrophil,T-cell,train
7.8804,-4.7854,NK,NK,test
13.9585,5.0963,T-cell,NK,train
-2.1602,-9.3916,Erythrocyte,Erythrocyte,test
17.6429,0.399,T-cell,T-cell,train
-9.9302,7.1101,Monocyte,Monocyte,train
13.7018,2.1031,T-cell,T-cell,train
20.4611,6.0927,B-cell,B-cell,train
5.6293,-12.375,Platelet,Platelet,train
-1.0739,-11.454,Erythrocyte,Erythrocyte,train
-13.969,0.7758,Neutrophil,Neutrophil,test
24.1667,8.1991,B-cell,B-cell,train
-10.8962,5.0765,Monocyte,Monocyte,test
20.6893,4.0995,B-cell,B-cell,test
21.3186,5.0104,B-cell,B-cell,train
-14.1373,1.5562,Neutrophil,Neutrophil,test
5.6983,-11.0042,Platelet,Platelet,train
16.5779,-4.5763,B-cell,B-cell,test
15.1213,-3.866,NK,NK,train
21.3222,9.1068,B-cell,T-cell,test
-12.2178,12.6719,Monocyte,Monocyte,test
-11.9798,-11.9639,Dendritic,Dendritic,train
-10.9918,9.0154,Monocyte,Monocyte,train
-11.9004,7.3656,Monocyte,Monocyte,train
-14.2206,1.3277,Neutrophil,Neutrophil,train
0.43,-15.2488,Erythrocyte,Erythrocyte,train
-10.8138,11.2718,Monocyte,Monocyte,test
13.0897,-6.4431,NK,NK,train
-14.7853,-0.535,Neutrophil,Neutrophil,train
-12.681,5.1243,Neutrophil,Neutrophil,test
-10.9289,13.3011,Monocyte,Monocyte,train
9.2529,-10.5804,Platelet,Platelet,train
-8.6358,9.4623,Monocyte,Monocyte,train
-11.8234,-1.3965,Neutrophil,Neutrophil,train
20.8564,3.6167,B-cell,B-cell,train
10.5068,-0.5452,NK,NK,test
13.0346,-2.4812,T-cell,B-cell,train
14.3902,-2.8801,B-cell,B-cell,train
-9.0081,13.4785,Monocyte,Monocyte,test
5.8689,-12.4156,Platelet,Platelet,train
15.0749,-2.9434,T-cell,T-cell,train
2.8108,-15.7987,Erythrocyte,Erythrocyte,train
13.3975,-3.6345,T-cell,T-cell,train
19.7346,-1.5555,NK,NK,test
13.0721,-3.7979,B-cell,B-cell,train
-15.0613,-11.6229,Dendritic,Dendritic,test
-14.6598,-1.5064,Neutrophil,Neutrophil,test
19.1432,4.2276,B-cell,B-cell,train
-14.0931,1.5636,Neutrophil,Neutrophil,train
-7.0882,11.6912,Monocyte,Monocyte,test
11.2158,-9.4798,Platelet,NK,train
-12.3382,8.2309,Monocyte,Monocyte,test
-3.2718,-16.4208,Erythrocyte,Erythrocyte,test
19.8846,3.6851,B-cell,B-cell,train
13.0149,-7.8312,T-cell,T-cell,train
-2.1536,-10.7527,Erythrocyte,Erythrocyte,train
-6.5505,12.1242,Monocyte,Monocyte,train
17.882,11.4047,T-cell,T-cell,train
-10.0767,-12.6249,Dendritic,Dendritic,train
-12.158,2.211,Neutrophil,Neutrophil,test
8.5065,-13.3817,Platelet,Platelet,test
13.9886,-0.402,B-cell,B-cell,test
-14.3957,4.9709,Neutrophil,Neutrophil,train
-12.9663,8.2837,Monocyte,Monocyte,train
-9.2801,-10.3035,Dendritic,NK,test
-14.5663,9.7603,Monocyte,Monocyte,train
22.0569,0.2751,B-cell,B-cell,train
17.3476,-0.6276,T-cell,T-cell,train
-4.3671,-7.1112,Dendritic,Dendritic,test
13.82,0.4324,T-cell,T-cell,test
14.8435,3.1305,T-cell,B-cell,test
-9.4841,1.8873,Neutrophil,Neutrophil,train
15.7441,3.838,B-cell,T-cell,train
21.1474,-0.7462,B-cell,B-cell,train
-12.7295,1.4811,Neutrophil,Neutrophil,test
13.1961,-5.0232,T-cell,T-cell,test
-12.3405,-7.0692,Dendritic,Dendritic,train
16.904,6.9679,T-cell,T-cell,test
20.0756,4.1777,B-cell,B-cell,train
-11.3809,8.3186,Monocyte,Monocyte,train
16.9413,-8.5609,NK,T-cell,train
20.7167,6.4701,B-cell,B-cell,train
-15.7109,-1.0598,Neutrophil,Neutrophil,test
-9.8639,10.3932,Monocyte,Monocyte,train
-6.9716,-8.6028,Dendritic,Dendritic,train
19.1524,-0.9768,B-cell,T-cell,test
14.6225,-4.1676,Platelet,Platelet,train
-8.6761,12.5627,Monocyte,Monocyte,train
-4.8503,-13.8617,Erythrocyte,Erythrocyte,train
-8.6963,4.3951,Neutrophil,Neutrophil,train
-16.8656,-0.7265,Neutrophil,Neutrophil,train
15.3396,-0.5306,T-cell,T-cell,train
17.7978,3.8158,B-cell,T-cell,test
14.4051,-2.7854,T-cell,T-cell,test
-12.0897,-12.1372,Dendritic,Dendritic,train
-11.8713,4.7663,Monocyte,Monocyte,test
-7.4112,-7.4074,Dendritic,Dendritic,train
15.1154,3.2507,T-cell,T-cell,train
11.3266,-1.19,T-cell,B-cell,train
16.9356,3.7402,T-cell,T-cell,train
9.9276,-5.4836,T-cell,T-cell,train
-10.8796,8.0461,Monocyte,Monocyte,test
10.816,-3.3954,NK,NK,train
24.3899,8.6047,B-cell,B-cell,train
-9.4758,11.6617,Monocyte,Monocyte,train
-4.4042,-8.7216,Dendritic,Dendritic,train
-14.6816,-1.7535,Neutrophil,Neutrophil,test
13.8228,-8.5038,Platelet,Platelet,train
16.2833,-7.4837,NK,NK,train
-14.1436,0.2617,Neutrophil,Neutrophil,train
-1.7985,-11.8801,Erythrocyte,Erythrocyte,test
-10.9051,1.3874,Neutrophil,Neutrophil,train
14.397,-7.7781,NK,NK,train
3.9844,-16.937,Erythrocyte,Erythrocyte,train
11.5968,-10.577,Platelet,Platelet,train
15.2167,-5.0318,T-cell,T-cell,train
15.531,5.0076,B-cell,B-cell,train
19.838,-4.0385,NK,NK,train
15.9634,0.6205,T-cell,T-cell,train
9.3263,-4.8815,NK,NK,test
15.0169,2.4383,B-cell,NK,test
-1.0221,-11.1324,Erythrocyte,Erythrocyte,train
-9.0402,13.4333,Monocyte,Dendritic,test
-17.7837,-4.4448,Neutrophil,Platelet,train
-11.9054,-8.2518,Dendritic,Dendritic,train
-18.2129,-6.0793,Neutrophil,Neutrophil,train
13.567,-2.7078,T-cell,T-cell,train
8.0957,-11.4109,Platelet,Platelet,train
8.0918,-5.9041,T-cell,B-cell,train
22.6466,-3.4484,NK,NK,train
-5.3458,7.5645,Monocyte,Monocyte,train
13.0936,-5.0375,T-cell,T-cell,test
-9.1404,-4.5786,Dendritic,Dendritic,test
-17.5078,-5.9102,Neutrophil,Neutrophil,train
-12.5515,3.2136,Neutrophil,Neutrophil,train
-2.4672,-10.9164,Erythrocyte,Erythrocyte,train
-9.7419,11.2248,Monocyte,Monocyte,train
14.9617,3.7546,T-cell,T-cell,train
-10.5097,10.5791,Monocyte,Monocyte,train
9.2984,-6.2037,NK,NK,train
-14.5254,-0.9029,Neutrophil,Neutrophil,train
-12.9327,3.6361,Neutrophil,Neutrophil,train
-5.1645,-7.3588,Dendritic,Dendritic,train
-5.3174,-7.9576,Dendritic,Dendritic,test
22.9087,3.4614,B-cell,B-cell,train
17.9227,-3.4219,B-cell,B-cell,train
-2.3637,-11.5942,Erythrocyte,Erythrocyte,test
15.3431,3.4309,T-cell,T-cell,train
18.3789,4.4381,T-cell,T-cell,train
-9.6125,12.0313,Monocyte,Monocyte,train
22.9828,-3.7296,NK,NK,train
3.4257,-14.3359,Platelet,Platelet,train
-0.1655,-12.3698,Erythrocyte,Erythrocyte,test
17.8493,5.3135,T-cell,T-cell,test
11.4791,-2.0137,T-cell,T-cell,train
-13.6071,2.7643,Neutrophil,Neutrophil,train
-4.1973,-8.2726,Erythrocyte,Erythrocyte,train
-11.675,-8.7111,Dendritic,Dendritic,train
-9.2394,7.54,Monocyte,Monocyte,test
-9.3993,7.5111,Monocyte,Monocyte,test
6.5493,-18.1083,Erythrocyte,Erythrocyte,train
19.7788,0.4861,B-cell,B-cell,train
11.7797,-2.9973,T-cell,T-cell,train
-15.4374,0.0459,Neutrophil,Neutrophil,train
2.2312,-12.9868,Erythrocyte,Erythrocyte,train
13.0552,3.5612,T-cell,T-cell,test
-3.915,-2.7039,Dendritic,Dendritic,train
-0.0288,-13.7706,Erythrocyte,Erythrocyte,train
-9.8898,2.2265,Neutrophil,Neutrophil,train
18.4052,-2.3388,B-cell,B-cell,test
-13.4026,1.2541,Neutrophil,Neutrophil,train
-7.7501,10.146,Monocyte,Monocyte,test
-7.8698,8.6029,Monocyte,Monocyte,test
10.9211,-2.602,T-cell,T-cell,train
-6.206,7.8312,Monocyte,Monocyte,train
13.3871,-7.7643,NK,NK,test
-11.2599,10.1027,Monocyte,Monocyte,train
-12.9597,8.4863,Monocyte,Monocyte,train
16.0069,-8.6526,NK,NK,test
15.0532,1.0474,T-cell,T-cell,train
-0.4586,-16.3546,Erythrocyte,Erythrocyte,test
15.3147,4.0216,T-cell,T-cell,train
-12.0014,4.3933,Monocyte,Monocyte,train
18.907,-3.7803,T-cell,T-cell,train
-7.9947,-8.0078,Dendritic,Dendritic,train
19.1491,1.4738,B-cell,B-cell,train
0.4241,-10.6043,Erythrocyte,Erythrocyte,train
-13.777,-0.6293,Neutrophil,Neutrophil,train
-10.7591,14.3679,Monocyte,Monocyte,train
14.6869,-10.3656,Platelet,Platelet,train
13.8015,1.704,T-cell,T-cell,test
-12.2308,6.6828,Monocyte,Monocyte,train
-6.6952,7.0511,Monocyte,Monocyte,train
-14.4064,0.5132,Neutrophil,Neutrophil,train
15.5778,0.5967,T-cell,NK,train
-5.4016,-9.5899,Dendritic,Dendritic,train
-7.57,7.2474,Monocyte,Monocyte,train
0.4887,-13.254,Erythrocyte,Erythrocyte,train
16.0689,2.0656,T-cell,T-cell,train
12.1727,-9.2134,NK,NK,train
16.8631,2.4181,B-cell,B-cell,train
-12.3819,4.3447,Neutrophil,Neutrophil,test
16.8729,0.9102,B-cell,B-cell,train
16.5016,-2.5036,T-cell,T-cell,test
-12.7123,-11.805,Dendritic,Dendritic,train
8.6271,-13.674,Platelet,Platelet,test
1.5016,-12.883,Erythrocyte,Erythrocyte,train
-12.3359,10.8519,Monocyte,Monocyte,train
-15.0081,-0.4566,Neutrophil,Neutrophil,train
-8.6106,-9.6707,Dendritic,Dendritic,train
22.6369,-3.4441,NK,NK,train
0.5772,-13.8507,Erythrocyte,Erythrocyte,train
-11.4705,7.9337,Monocyte,Monocyte,test
17.3352,-9.0085,Platelet,Platelet,train
12.4813,4.0307,T-cell,T-cell,train
12.1375,-6.5943,T-cell,T-cell,test
-2.4061,-8.9855,Erythrocyte,Erythrocyte,train
-11.5849,4.6453,Neutrophil,Neutrophil,train
15.1819,-1.8999,T-cell,T-cell,test
22.3265,8.2101,B-cell,B-cell,train
13.7871,-3.6725,NK,NK,test
21.2335,-1.5133,T-cell,B-cell,test
12.5469,-0.1853,NK,NK,train
-7.4031,-8.1752,Dendritic,Dendritic,train
8.3997,-2.8055,T-cell,T-cell,train
11.8025,2.8583,T-cell,T-cell,train
1.9978,-16.8492,Erythrocyte,Erythrocyte,train
9.4623,-9.1754,Platelet,Platelet,train
6.095,-11.2552,Platelet,Platelet,train
19.5961,3.2102,B-cell,B-cell,test
-11.8936,-9.7064,Dendritic,Dendritic,train
8.8429,-1.1715,T-cell,T-cell,train
27.839,-1.1244,NK,NK,train
11.4937,2.8245,T-cell,B-cell,train
2.2913,-16.9282,Erythrocyte,Erythrocyte,train
-13.4438,0.6666,Neutrophil,Neutrophil,train
19.9804,6.159,B-cell,T-cell,train
-18.0389,0.9917,Neutrophil,Neutrophil,test
15.0511,6.8225,T-cell,T-cell,train
-14.1944,6.9055,Monocyte,Monocyte,train
15.64,2.141,T-cell,T-cell,train
16.098,-3.4134,B-cell,B-cell,train
13.7004,-0.8321,T-cell,NK,train
16.3136,-1.8184,T-cell,T-cell,train
18.1942,3.6759,B-cell,B-cell,train
-11.0308,9.377,Monocyte,Monocyte,test
8.0979,-14.2381,Platelet,Platelet,train
4.3893,-16.8044,Erythrocyte,Erythrocyte,train
11.5266,-6.7466,T-cell,T-cell,train
11.4857,-8.7136,NK,T-cell,test
9.4905,-2.6407,T-cell,T-cell,train
-10.0259,3.2467,Neutrophil,Neutrophil,train
-14.49,-3.9571,Neutrophil,Neutrophil,test
13.4782,1.9243,T-cell,T-cell,train
14.8192,6.5067,T-cell,NK,test
14.7634,-7.1937,Platelet,Platelet,train
18.7474,0.4382,B-cell,B-cell,test
14.0104,-0.14,T-cell,T-cell,test
13.8773,-5.5413,T-cell,NK,train
18.2872,-0.4296,B-cell,NK,train
-14.1117,8.7584,Monocyte,Monocyte,test
12.7906,-8.1313,NK,NK,train
6.6091,-9.521,Platelet,Platelet,train
10.9384,-0.7111,T-cell,T-cell,train
18.9618,1.2559,B-cell,B-cell,train
-7.5458,12.4065,Monocyte,Monocyte,train
-0.0441,-6.6585,Dendritic,Dendritic,train
-1.5593,-18.4276,Erythrocyte,Erythrocyte,test
12.834,-1.2701,T-cell,T-cell,test
-8.8353,10.2382,Monocyte,Monocyte,train
-8.4505,-9.4476,Dendritic,Dendritic,train
11.8877,-0.575,B-cell,T-cell,train
20.8706,3.2211,T-cell,T-cell,train
-12.5447,8.4786,Monocyte,Monocyte,train
-12.181,-12.6977,Dendritic,Dendritic,test
13.0486,-2.5239,T-cell,T-cell,train
23.8634,0.848,B-cell,B-cell,test
13.5634,-4.0533,Platelet,Platelet,train
14.0537,5.633,T-cell,T-cell,train
2.0784,-14.329,Erythrocyte,Erythrocyte,train
-14.918,-2.6971,Neutrophil,Neutrophil,train
3.2485,-17.7113,Erythrocyte,Erythrocyte,test
15.8502,0.4292,T-cell,T-cell,train
13.8195,-5.9586,T-cell,T-cell,train
16.0264,7.3277,T-cell,T-cell,test
16.7358,-0.8932,B-cell,B-cell,test
-0.0523,-14.1394,Erythrocyte,Erythrocyte,train
14.296,1.5751,T-cell,T-cell,train
-12.6861,11.2275,Monocyte,Monocyte,train
9.9466,-11.5651,Platelet,Platelet,train
17.2044,-1.6871,B-cell,B-cell,test
13.2263,-5.4249,Platelet,Platelet,train
13.0823,-8.2327,Platelet,Platelet,train
10.5185,-3.353,NK,T-cell,train
23.6405,4.5668,B-cell,B-cell,train
14.6834,1.786,B-cell,B-cell,train
12.2827,-9.1967,Platelet,Platelet,test
-14.026,0.2038,Neutrophil,Neutrophil,train
14.1796,-4.6441,T-cell,T-cell,test
11.8288,-6.6801,NK,NK,test
13.9642,1.445,T-cell,T-cell,test
1.3271,-15.6545,Erythrocyte,Erythrocyte,train
0.204,-15.3166,Erythrocyte,Erythrocyte,train
14.8642,0.3543,T-cell,T-cell,test
22.6666,-7.4141,NK,NK,train
18.3029,-4.5927,NK,NK,test
10.1014,-5.9596,T-cell,T-cell,train
25.482,1.6404,B-cell,NK,train
-4.6071,-8.4672,Erythrocyte,Erythrocyte,train
19.6748,11.1404,T-cell,NK,train
-8.7169,6.2713,Monocyte,Monocyte,test
15.11,0.1705,B-cell,B-cell,train
11.5789,5.5074,T-cell,T-cell,test
-8.9231,6.4134,Monocyte,Monocyte,train
1.3007,-16.4741,Erythrocyte,Erythrocyte,train
10.9569,0.9252,T-cell,B-cell,test
23.9388,-2.2866,NK,T-cell,train
15.0237,6.713,T-cell,NK,train
17.7075,-2.5887,B-cell,B-cell,test
-6.0091,-2.0416,Dendritic,Dendritic,test
7.0828,-20.9662,Erythrocyte,Erythrocyte,test
-11.0902,8.1529,Monocyte,Monocyte,test
3.8215,-16.6938,Erythrocyte,Erythrocyte,test
-0.1713,-8.2508,Erythrocyte,Erythrocyte,train
18.4353,0.0748,B-cell,B-cell,train
1.2787,-15.0046,Erythrocyte,Erythrocyte,train
-10.164,5.219,Monocyte,Monocyte,train
7.6678,-2.8206,T-cell,T-cell,train
11.7175,-3.8636,T-cell,T-cell,train
24.5598,4.0762,B-cell,B-cell,train
-15.3691,-0.0372,Neutrophil,Neutrophil,train
11.0464,5.4405,T-cell,T-cell,train
-9.1956,8.3503,Monocyte,Monocyte,train
11.0163,5.9829,T-cell,T-cell,train
5.9187,-11.0451,Platelet,Platelet,train
20.0155,6.8912,B-cell,B-cell,train
21.0952,5.7394,B-cell,B-cell,test
16.0269,3.4187,T-cell,T-cell,test
-7.5804,9.9061,Monocyte,Monocyte,train
0.512,-16.7123,Erythrocyte,Erythrocyte,test
14.8449,-3.0628,Platelet,Platelet,train
-6.5861,9.2253,Monocyte,Monocyte,test
11.318,-2.1236,T-cell,NK,train
-11.2835,8.7731,Monocyte,Monocyte,train
-18.4168,-4.688,Neutrophil,Neutrophil,train
8.6311,-7.6033,Platelet,Platelet,train
9.5152,-0.657,T-cell,T-cell,test
8.2181,-11.7298,Platelet,Platelet,train
-0.8764,-11.2668,Erythrocyte,Erythrocyte,test
21.6608,-1.7133,NK,NK,train
-9.5676,7.9,Monocyte,Monocyte,train
12.3104,-6.5485,T-cell,T-cell,test
26.0402,9.3139,B-cell,B-cell,train
16.4388,2.1019,B-cell,B-cell,train
-10.2354,0.1846,Neutrophil,Neutrophil,test
15.2533,3.2815,T-cell,T-cell,train
19.1662,4.2483,B-cell,B-cell,train
-8.6992,13.9867,Monocyte,Monocyte,train
-20.4144,-3.8913,Neutrophil,Neutrophil,train
15.6123,4.4445,T-cell,NK,train
20.24,2.61,B-cell,B-cell,test
23.0924,-0.087,NK,NK,train
5.7441,-23.422,Erythrocyte,Erythrocyte,train
14.5735,-4.3997,NK,NK,train
-3.6938,14.5318,Monocyte,Monocyte,train
3.9887,-19.0232,Erythrocyte,Erythrocyte,train
-8.288,13.5238,Monocyte,Monocyte,train
18.9194,4.3575,B-cell,B-cell,train
-10.0735,10.066,Monocyte,Monocyte,train
-14.9231,-2.7365,Neutrophil,Neutrophil,train
12.5764,-9.1009,Platelet,Platelet,test
-1.8721,-15.1169,Erythrocyte,Erythrocyte,test
13.159,2.3896,T-cell,T-cell,train
-8.6695,10.5521,Monocyte,Monocyte,train
13.1581,-4.3701,NK,NK,train
-12.2243,1.5589,Neutrophil,Neutrophil,test
12.2401,-3.7086,T-cell,T-cell,test
-15.1922,0.623,Neutrophil,Neutrophil,train
-10.7365,-0.5968,Neutrophil,Neutrophil,test
-6.6898,-7.5191,Dendritic,NK,train
18.7956,5.6798,B-cell,B-cell,test
-4.7609,-7.2402,Dendritic,Dendritic,test
10.2989,-8.5232,NK,NK,test
22.0305,8.8637,B-cell,B-cell,train
18.4271,3.7452,B-cell,B-cell,test
-8.3772,6.0734,Monocyte,Monocyte,train
-6.6706,10.9313,Monocyte,Monocyte,train
1.3918,-16.3142,Erythrocyte,Erythrocyte,test
12.5511,-10.2203,T-cell,T-cell,train
15.7565,-0.5464,T-cell,T-cell,test
23.0432,2.238,B-cell,B-cell,train
12.943,-0.4721,B-cell,B-cell,train
-10.4361,12.0595,Monocyte,Monocyte,test
19.2962,-7.4874,NK,NK,train
9.2129,-3.6179,NK,NK,train
14.1307,0.6273,T-cell,T-cell,train
-13.8609,6.744,Monocyte,Monocyte,train
16.7208,9.3586,T-cell,T-cell,train
19.9774,3.2342,B-cell,NK,test
-9.0948,6.0643,Neutrophil,Neutrophil,test
9.7989,-8.8943,Platelet,Platelet,train
15.7161,3.3612,T-cell,T-cell,train
13.6149,0.7989,B-cell,B-cell,train
18.7786,4.2588,B-cell,B-cell,test
-7.9114,6.9088,Monocyte,Monocyte,train
13.8981,1.0028,B-cell,B-cell,test
21.3418,4.5913,B-cell,B-cell,test
12.3712,-0.3979,B-cell,NK,test
-9.0399,-10.9638,Dendritic,Dendritic,train
7.1415,-12.8526,Platelet,Platelet,train
18.7488,1.504,B-cell,B-cell,test
4.3188,-8.8719,NK,NK,train
-7.1054,-7.8316,Dendritic,Dendritic,test
1.0429,-9.5572,Erythrocyte,Erythrocyte,train
19.7652,-2.1505,B-cell,B-cell,train
25.0214,11.2695,B-cell,B-cell,test
-8.0987,-10.3102,Dendritic,Dendritic,train
1.6986,-17.6786,Erythrocyte,Erythrocyte,train
-9.9024,12.4875,Monocyte,Monocyte,train
0.9078,-12.0179,Erythrocyte,Erythrocyte,train
-10.0903,-0.3634,Neutrophil,Neutrophil,train
-7.6187,11.3577,Monocyte,Monocyte,test
14.499,-2.6383,T-cell,T-cell,test
11.9953,-7.8281,NK,NK,train
9.7686,-6.7196,NK,NK,train
23.1839,0.4242,B-cell,B-cell,test
-14.3334,-1.28,Neutrophil,Neutrophil,train
-16.07,0.5673,Neutrophil,Neutrophil,train
17.5464,3.3919,B-cell,B-cell,train
-13.1184,-0.4192,Neutrophil,Neutrophil,train
12.011,-0.243,B-cell,B-cell,train
14.3561,-0.6897,T-cell,T-cell,train
12.9412,0.2078,T-cell,T-cell,train
14.1973,-10.7388,Platelet,Platelet,train
-13.0851,0.6256,Neutrophil,Neutrophil,test
15.7669,6.1482,T-cell,T-cell,train
14.2556,-1.1379,B-cell,B-cell,train
15.6582,1.0603,T-cell,T-cell,train
11.4709,-8.096,T-cell,T-cell,train
16.4616,-3.4782,NK,NK,train
13.1408,-3.0729,T-cell,NK,train
9.7589,-7.6889,Platelet,Platelet,train
-9.766,7.8409,Monocyte,Monocyte,train
11.2281,-8.9226,Platelet,Platelet,train
11.384,1.1527,B-cell,B-cell,train
-6.1666,-9.0049,Dendritic,Dendritic,train
19.13,9.9244,B-cell,B-cell,train
-12.5665,1.8862,Neutrophil,Neutrophil,train
11.9468,-4.2501,T-cell,T-cell,train
-7.9372,9.7932,Monocyte,Monocyte,train
11.2259,0.0986,T-cell,T-cell,train
-10.5647,9.1077,Monocyte,Monocyte,train
-12.1052,0.5879,Neutrophil,Neutrophil,test
-0.0967,-12.9113,Erythrocyte,Erythrocyte,train
-17.6462,-2.4041,Neutrophil,Neutrophil,train
17.8788,4.5833,T-cell,T-cell,train
-1.0336,-13.4222,Erythrocyte,Erythrocyte,train
-14.2766,-0.6547,Neutrophil,Neutrophil,test
-12.3016,9.3692,Monocyte,Monocyte,test
-2.0336,-13.8209,Erythrocyte,Erythrocyte,train
-9.6102,-9.2381,Dendritic,Dendritic,train
-15.036,-14.0715,Dendritic,Dendritic,test
0.8534,-13.9367,Erythrocyte,Erythrocyte,train
15.5459,-8.2075,NK,NK,train
11.0167,-5.3295,Platelet,Platelet,train
-18.3125,-4.1671,Neutrophil,Neutrophil,train
-13.0809,-9.8016,Dendritic,Dendritic,train
2.6686,-13.6244,Erythrocyte,Erythrocyte,train
-8.383,14.7657,Monocyte,Monocyte,train
-2.9412,-17.8616,Erythrocyte,Erythrocyte,train
17.5108,3.9859,T-cell,T-cell,test
-14.8875,-0.8118,Neutrophil,Neutrophil,test
-7.5183,13.2508,Monocyte,Monocyte,train
10.072,-1.3197,B-cell,B-cell,train
-14.0616,1.6144,Neutrophil,Neutrophil,train
-4.7934,-16.8241,Erythrocyte,Erythrocyte,train
0.6042,-11.2521,Erythrocyte,Erythrocyte,train
9.2387,3.8901,T-cell,T-cell,train
11.9878,-6.8786,Platelet,Platelet,train
17.1753,-2.6401,T-cell,T-cell,train
-8.5129,8.359,Monocyte,Monocyte,train
-9.1783,-8.0714,Dendritic,Dendritic,train
10.2116,-11.7364,Platelet,Platelet,train
3.2919,-16.9326,Erythrocyte,Erythrocyte,train
-9.8592,9.778,Monocyte,NK,test
28.2397,-3.1911,NK,NK,train
15.5026,1.15,T-cell,T-cell,train
20.067,-8.2842,NK,NK,test
9.8383,-10.2938,Platelet,Platelet,train
2.6044,-16.908,Erythrocyte,Erythrocyte,train
12.1374,0.138,T-cell,T-cell,test
-8.4991,-10.4534,Dendritic,Dendritic,train
-10.2738,8.7216,Monocyte,Monocyte,test
-12.9685,4.9118,Neutrophil,Neutrophil,train
13.4542,-0.9467,T-cell,T-cell,train
18.1415,-2.6845,NK,NK,test
10.1984,-5.073,T-cell,T-cell,test
10.4583,-11.6541,Platelet,Platelet,test
-16.1409,0.5484,Neutrophil,Neutrophil,train
-18.6823,-7.3543,Neutrophil,Neutrophil,train
17.2461,-1.7855,NK,NK,train
-8.8224,9.3303,Monocyte,Monocyte,train
-8.0981,-9.4629,Dendritic,Dendritic,train
-12.7086,4.968,Monocyte,Monocyte,test
13.3227,2.8369,T-cell,T-cell,test
-17.0015,-6.2358,Neutrophil,Neutrophil,train
-13.1258,1.912,Neutrophil,Neutrophil,train
1.3805,-15.404,Erythrocyte,Erythrocyte,train
-1.8722,-9.1554,Erythrocyte,Erythrocyte,test
16.9139,3.4695,B-cell,T-cell,train
1.9487,-16.3326,Erythrocyte,Dendritic,test
-6.8835,-9.1186,Dendritic,Dendritic,train
21.9818,3.205,B-cell,B-cell,train
-1.2461,-15.5122,Erythrocyte,Erythrocyte,train
-11.4369,7.3406,Monocyte,Monocyte,train
18.1465,-5.9784,NK,NK,test
14.9775,-1.5497,B-cell,B-cell,test
17.8543,4.1453,T-cell,T-cell,train
-10.636,13.2956,Monocyte,Monocyte,train
4.2243,-19.711,Erythrocyte,Erythrocyte,test
-12.7613,-10.9109,Dendritic,Dendritic,train
19.2868,-4.2752,Platelet,Platelet,train
-10.3761,8.4929,Monocyte,Monocyte,train
-6.9703,16.9245,Monocyte,Monocyte,train
16.0481,2.2246,B-cell,B-cell,test
14.125,0.055,T-cell,T-cell,train
14.8567,-9.7333,NK,NK,test
14.1601,-2.958,T-cell,B-cell,test
12.4791,-2.444,T-cell,T-cell,test
15.8181,-4.0446,NK,NK,test
9.5254,-10.6366,Platelet,Platelet,train
14.4471,-2.439,T-cell,T-cell,train
15.9857,-0.2454,NK,NK,train
-15.0446,2.5814,Neutrophil,Neutrophil,train
-9.3287,8.8962,Monocyte,Monocyte,train
-10.5211,8.0944,Monocyte,Monocyte,train
-8.6753,-9.3053,Dendritic,Dendritic,train
10.0155,-3.8987,T-cell,T-cell,train
20.6628,4.3147,B-cell,B-cell,test
14.6508,-4.7804,T-cell,T-cell,test
-10.1734,7.3614,Monocyte,Monocyte,train
-6.2859,7.4561,Monocyte,Monocyte,test
-15.0696,3.1389,Neutrophil,Neutrophil,train
-12.1441,-7.7958,Dendritic,Dendritic,train
11.812,-1.0895,T-cell,T-cell,train
7.7695,-12.2454,Platelet,Platelet,train
-14.5675,2.1117,Neutrophil,Neutrophil,train
-13.0016,-12.5044,Dendritic,Dendritic,train
-7.9367,11.0613,Monocyte,Monocyte,train
19.9954,5.8521,B-cell,B-cell,test
11.8076,-7.0613,T-cell,B-cell,train
14.5574,1.8392,B-cell,B-cell,train
14.2705,0.2632,B-cell,B-cell,test
-9.9474,-7.7797,Dendritic,Dendritic,train
-3.4164,-12.0273,Erythrocyte,Erythrocyte,train
20.3438,-0.633,B-cell,B-cell,train
13.7715,-0.1031,T-cell,T-cell,train
-10.5598,13.6504,Monocyte,Monocyte,train
13.0593,0.0898,T-cell,T-cell,train
-11.0189,-8.8292,Dendritic,Dendritic,train
-10.371,2.904,Neutrophil,Neutrophil,train
-10.5364,8.2492,Neutrophil,Neutrophil,test
8.6818,2.743,T-cell,B-cell,test
-12.042,11.1076,Monocyte,Monocyte,train
24.4056,6.0929,B-cell,B-cell,train
19.7303,-2.4395,NK,NK,test
-11.6089,4.5481,Neutrophil,Neutrophil,train
3.8464,-15.0052,Erythrocyte,T-cell,train
-7.9678,9.8362,Monocyte,Monocyte,test
-13.2652,2.5806,Neutrophil,Neutrophil,train
24.0094,2.9769,B-cell,B-cell,test
14.4175,-6.015,NK,NK,train
18.8367,-0.4235,B-cell,B-cell,test
2.2764,-17.7944,Erythrocyte,Erythrocyte,test
15.8416,2.0934,T-cell,T-cell,train
3.6318,-14.5937,Platelet,Platelet,train
12.0473,-4.087,B-cell,B-cell,train
-14.2473,-8.2047,Neutrophil,Neutrophil,train
21.8855,-0.8883,B-cell,B-cell,train
-11.4468,3.9574,Neutrophil,Neutrophil,test
11.9338,0.689,T-cell,T-cell,test
-0.7037,-14.168,Erythrocyte,Erythrocyte,train
5.7426,-3.9903,B-cell,B-cell,test
15.4559,-3.8807,NK,NK,train
18.5849,3.6557,B-cell,B-cell,test
18.2949,-0.4855,B-cell,T-cell,train
22.2815,7.7181,B-cell,B-cell,train
20.6008,1.0274,B-cell,B-cell,train
25.1234,3.6445,B-cell,B-cell,train
-12.1596,1.1007,Neutrophil,Neutrophil,train
11.1912,-11.5782,Platelet,Platelet,train
12.6354,-8.1632,Platelet,Platelet,train
15.4722,1.1544,B-cell,NK,train
8.1755,-4.9562,NK,NK,test
13.3912,-7.5547,Platelet,Platelet,train
-1.2808,-16.1032,Erythrocyte,Erythrocyte,train
14.8766,1.147,T-cell,T-cell,train
9.9488,-9.9652,Platelet,Platelet,train
-11.3767,-7.3834,Dendritic,Dendritic,train
-10.8482,5.812,Monocyte,NK,train
12.1565,-3.4874,T-cell,T-cell,train
10.1658,-9.9348,Platelet,Platelet,test
22.3367,4.6593,B-cell,B-cell,train
14.8579,1.3358,T-cell,T-cell,train
14.4009,8.6797,T-cell,T-cell,train
12.9445,-11.6047,Platelet,Platelet,train
11.2247,-5.5719,T-cell,B-cell,train
16.0643,-8.8776,NK,NK,test
15.7675,1.1212,T-cell,T-cell,train
19.0673,7.3801,T-cell,B-cell,train
15.4628,4.9007,T-cell,T-cell,train
11.8532,-5.8133,T-cell,T-cell,train
-16.9767,0.9754,Neutrophil,Neutrophil,test
-13.8547,-1.7143,Neutrophil,Neutrophil,train
-14.06,1.7064,Neutrophil,Neutrophil,train
-12.1333,8.9774,Monocyte,Monocyte,test
-12.0803,4.9366,Monocyte,Monocyte,test
13.8976,-1.4207,T-cell,T-cell,train
-0.3878,-15.5782,Erythrocyte,Erythrocyte,train
-10.5816,4.4916,Monocyte,Monocyte,train
10.7872,1.8178,T-cell,T-cell,train
22.4408,-0.3654,NK,NK,train
-12.335,10.3864,Monocyte,Erythrocyte,train
17.3254,2.641,B-cell,B-cell,test
-12.8043,-12.692,Dendritic,Dendritic,test
17.4284,-6.2081,Platelet,Platelet,train
18.1081,3.4131,B-cell,B-cell,train
-14.0706,9.9056,Monocyte,Monocyte,train
-0.9883,-10.1689,Erythrocyte,Erythrocyte,test
16.7793,-4.1217,NK,NK,test
7.4659,-1.0759,T-cell,T-cell,train
3.2181,-13.8512,Platelet,Platelet,train
20.0048,7.226,B-cell,B-cell,train
9.7291,-8.8048,T-cell,NK,train
14.6063,0.5578,T-cell,T-cell,test
10.5009,-8.5817,T-cell,T-cell,train
1.1364,-14.5018,Erythrocyte,Erythrocyte,train
18.4586,5.5728,B-cell,B-cell,train
-9.5211,5.4351,Monocyte,Monocyte,train
-14.9396,-14.7139,Dendritic,Dendritic,test
15.2366,7.2136,T-cell,NK,train
-4.6072,-6.0476,Dendritic,Dendritic,train
24.7579,4.216,B-cell,B-cell,train
10.2859,-9.2125,Platelet,Platelet,train
7.7865,-10.4393,Platelet,Platelet,train
18.4238,4.5258,B-cell,T-cell,train
-15.6214,-2.172,Neutrophil,Neutrophil,test
12.2715,-4.5389,NK,B-cell,train
3.7444,-17.8418,Erythrocyte,Erythrocyte,train
14.1289,-0.2303,T-cell,T-cell,test
-5.1359,13.2979,Monocyte,Monocyte,train
-11.1782,7.7232,Monocyte,Monocyte,test
-13.523,10.8179,Monocyte,Monocyte,train
8.1855,-2.8156,B-cell,B-cell,train
-0.4992,-15.6985,Erythrocyte,Erythrocyte,test
12.999,-0.5268,T-cell,T-cell,test
19.4051,6.2518,T-cell,T-cell,test
-11.806,4.321,Monocyte,Monocyte,test
-5.0351,19.34,Monocyte,Monocyte,train
-10.6781,11.3108,Monocyte,Monocyte,train
-12.8698,6.8151,Monocyte,Monocyte,test
-1.2399,-14.2156,Erythrocyte,Erythrocyte,train
13.0258,-8.1698,NK,NK,test
-16.4494,-1.6412,Neutrophil,Erythrocyte,train
20.4381,4.2404,B-cell,B-cell,train
24.1588,-3.5096,NK,NK,train
-7.167,12.9417,Monocyte,Monocyte,train
12.8848,-3.6597,B-cell,B-cell,test
-13.9965,-13.5764,Dendritic,Dendritic,train
-11.998,-0.5886,Neutrophil,Neutrophil,train
-14.9563,-1.7937,Neutrophil,Neutrophil,test
13.5759,3.3701,B-cell,NK,train
18.3113,4.2798,B-cell,B-cell,train
16.5303,-3.8704,NK,NK,test
-10.1065,3.2967,Neutrophil,Neutrophil,test
18.1836,3.2062,T-cell,T-cell,train
20.8001,8.3311,B-cell,B-cell,train
-11.3994,-11.7703,Dendritic,Dendritic,train
-12.323,7.7271,Monocyte,Monocyte,train
18.2537,5.5905,B-cell,T-cell,train
-12.7362,4.3329,Neutrophil,Neutrophil,train
21.8004,6.3049,B-cell,B-cell,train
-9.3166,11.4735,Monocyte,Monocyte,test
-11.6505,11.0061,Monocyte,Monocyte,train
-10.6921,11.1885,Monocyte,Monocyte,train
-13.9521,4.0935,Neutrophil,Neutrophil,train
12.6001,2.1353,B-cell,B-cell,test
13.4055,-4.9512,B-cell,B-cell,test
-16.187,-3.242,Neutrophil,Neutrophil,train
-13.7535,5.9371,Monocyte,Monocyte,train
6.8569,-5.0847,T-cell,T-cell,train
11.4609,-6.0642,T-cell,T-cell,train
13.4221,-3.1088,NK,T-cell,train
14.6948,-1.0267,T-cell,T-cell,train
22.4601,0.3208,B-cell,B-cell,train
-10.0863,9.221,Monocyte,Monocyte,train
-9.4248,12.3966,Monocyte,Monocyte,train
17.5167,1.2615,T-cell,T-cell,train
-4.1542,-7.9165,Erythrocyte,Erythrocyte,test
19.5523,11.0301,T-cell,T-cell,test
12.6763,-11.2749,Platelet,Platelet,test
14.0354,4.5689,T-cell,T-cell,test
-13.3131,-4.8427,Neutrophil,Neutrophil,train
-7.2694,-12.6659,Dendritic,Dendritic,train
-2.3578,-12.778,Erythrocyte,Erythrocyte,train
14.554,-3.0029,T-cell,T-cell,train
-13.5451,9.2578,Monocyte,Monocyte,test
-11.0605,-1.0951,Neutrophil,Neutrophil,test
-9.6237,10.7718,Monocyte,Monocyte,train
0.097,-14.1631,Erythrocyte,Erythrocyte,test
10.518,-0.4271,T-cell,B-cell,test
-12.0683,8.5769,Monocyte,Monocyte,train
12.6749,-0.9748,T-cell,T-cell,train
-16.5779,0.2828,Neutrophil,Neutrophil,train
14.6302,-9.2731,Platelet,Platelet,train
-10.3952,9.4133,Monocyte,Monocyte,test
14.2007,2.2314,B-cell,T-cell,train
11.9269,-3.5982,NK,NK,test
15.1836,-6.9964,NK,NK,train
0.869,-11.7608,Erythrocyte,Erythrocyte,train
22.3113,14.7173,T-cell,T-cell,train
-0.012,-17.469,Erythrocyte,Erythrocyte,train
15.1117,-5.5699,T-cell,NK,train
-13.3886,-10.6621,Dendritic,Dendritic,test
20.9604,-2.6037,NK,NK,test
-12.201,3.7254,Monocyte,Monocyte,test
7.6005,-13.1909,Platelet,Platelet,test
16.5301,3.2427,B-cell,B-cell,train
20.4349,0.6227,B-cell,B-cell,train
14.2624,0.8919,T-cell,T-cell,train
18.1485,5.1412,B-cell,B-cell,train
11.191,7.718,T-cell,T-cell,test
19.3235,-1.9279,B-cell,B-cell,test
21.7272,-3.2177,NK,NK,train
9.6905,-7.7183,B-cell,B-cell,train
-0.7863,-14.2132,Erythrocyte,Erythrocyte,train
-11.2947,-10.186,Dendritic,Dendritic,train
9.6489,-10.8035,NK,NK,train
-1.8387,-11.7263,Erythrocyte,Erythrocyte,train
-10.2723,-10.7672,Dendritic,Dendritic,test
19.6449,-1.2757,T-cell,T-cell,train
14.6007,-8.8517,Platelet,Platelet,train
12.3246,-5.6717,NK,B-cell,train
1.4616,-16.0329,Erythrocyte,Erythrocyte,test
21.2753,-7.5522,NK,NK,train
-0.3887,-11.0034,Erythrocyte,Erythrocyte,test
-4.1103,-13.6357,Erythrocyte,Erythrocyte,test
-8.2885,-11.9718,Dendritic,Dendritic,train
7.6981,-12.4261,Platelet,Platelet,train
-12.3115,-4.3428,Neutrophil,Neutrophil,train
-1.5696,-9.0826,Erythrocyte,Erythrocyte,train
16.0506,-2.2626,B-cell,B-cell,train
18.5989,5.5206,B-cell,B-cell,test
16.1016,-1.2445,NK,NK,train
16.8092,-1.4596,B-cell,B-cell,test
-5.8478,-11.4337,Dendritic,Dendritic,train
21.9934,5.0519,B-cell,B-cell,train
13.3041,4.4014,T-cell,T-cell,test
22.0033,9.7606,B-cell,B-cell,test
-6.4866,16.2962,Monocyte,Monocyte,train
-0.2801,-16.1553,Erythrocyte,Erythrocyte,train
24.6723,-6.2244,NK,NK,train
-10.5204,-9.8727,Dendritic,Dendritic,train
-8.7751,-10.0793,Dendritic,Dendritic,test
19.0134,1.4661,T-cell,T-cell,test
8.4926,-11.7722,Platelet,Platelet,train
-9.8377,11.5965,Monocyte,Monocyte,test
3.1489,-18.4993,Erythrocyte,Erythrocyte,train
-0.3748,-15.5212,Erythrocyte,Erythrocyte,test
10.89,-0.3294,T-cell,T-cell,train
-12.8785,1.3968,Neutrophil,Neutrophil,test
-13.341,0.4631,Neutrophil,Neutrophil,test
-8.2379,-8.0094,Dendritic,Dendritic,test
15.4908,1.4539,T-cell,T-cell,train
15.6319,-3.3324,T-cell,T-cell,train
-18.8462,2.7054,Neutrophil,Neutrophil,test
18.0143,5.373,B-cell,B-cell,train
14.7438,2.4459,T-cell,T-cell,test
2.5929,-15.3939,Erythrocyte,Neutrophil,train
-14.6,0.2961,Neutrophil,Neutrophil,train
13.4773,0.0208,B-cell,B-cell,train
13.2626,-3.3525,NK,NK,train
14.5687,-8.4107,NK,NK,train
18.912,-0.03,B-cell,B-cell,train
10.9506,-0.0249,T-cell,T-cell,train
9.0074,-9.8716,NK,NK,train
18.7158,3.9227,B-cell,B-cell,train
17.7558,0.4245,T-cell,T-cell,test
-17.1711,-5.4262,Neutrophil,Neutrophil,train
-0.4318,-6.8344,Erythrocyte,Erythrocyte,train
12.8375,-7.1385,NK,NK,train
24.753,6.7477,B-cell,B-cell,test
-9.2799,1.0599,Neutrophil,Neutrophil,train
21.5427,-0.5396,B-cell,B-cell,train
-12.7942,-3.5539,Neutrophil,Neutrophil,train
10.3379,-3.6023,B-cell,B-cell,train
11.7301,-4.3942,Platelet,Platelet,train
-0.5703,-16.9909,Erythrocyte,Erythrocyte,train
16.0366,4.8518,T-cell,T-cell,train
15.5435,2.1257,B-cell,B-cell,test
13.3679,-1.8496,T-cell,T-cell,test
-9.4446,-13.1113,Dendritic,Dendritic,train
-8.6955,13.1578,Monocyte,Monocyte,test
10.4965,-4.2261,B-cell,B-cell,test
23.5048,1.9651,B-cell,B-cell,train
18.1512,-7.3206,NK,NK,train
15.8898,-4.1074,NK,NK,train
-1.1591,-16.4953,Erythrocyte,Erythrocyte,train
0.4008,-14.7099,Erythrocyte,Erythrocyte,test
12.3853,-6.0198,B-cell,B-cell,train
-15.5778,-2.5384,Neutrophil,Neutrophil,train
-4.5905,14.9314,Monocyte,Monocyte,test
17.9154,-0.8322,B-cell,B-cell,train
14.6333,3.9193,T-cell,T-cell,test
12.8381,-10.394,Platelet,Platelet,train
16.2425,-5.5827,NK,T-cell,test
-12.9979,4.4156,Neutrophil,Neutrophil,train
-8.8198,12.7574,Monocyte,Monocyte,test
11.1602,-5.8847,NK,NK,train
15.3798,-2.1327,B-cell,B-cell,train
-7.5066,10.4154,Monocyte,Monocyte,train
5.9279,-12.4359,Platelet,Platelet,test
-12.3674,-1.4473,Neutrophil,Neutrophil,train
-11.5382,-9.0291,Dendritic,Dendritic,test
-0.8715,-9.8088,Erythrocyte,Erythrocyte,test
14.3542,4.5762,T-cell,T-cell,train
14.1547,1.1708,T-cell,T-cell,train
-17.6538,-4.7391,Neutrophil,Neutrophil,test
14.1788,-9.4169,NK,T-cell,train
-8.3181,10.9525,Monocyte,T-cell,train
18.5103,3.7197,B-cell,B-cell,test
-11.5039,2.6633,Neutrophil,Neutrophil,train
-13.6531,-2.8933,Neutrophil,Neutrophil,test
10.7594,-2.3426,T-cell,T-cell,train
13.748,-2.3904,T-cell,T-cell,test
-14.744,1.079,Neutrophil,Neutrophil,train
13.57,-3.7487,B-cell,B-cell,train
15.4962,1.131,T-cell,T-cell,train
-16.5364,-1.9439,Neutrophil,Neutrophil,train
-10.6776,10.3293,Monocyte,Monocyte,train
21.8877,4.9132,B-cell,B-cell,train
-14.3629,-0.3534,Neutrophil,Neutrophil,train
21.3524,3.2943,B-cell,B-cell,test
16.4399,4.0332,T-cell,T-cell,test
-7.2776,-9.0064,Dendritic,Dendritic,train
11.7271,-2.7065,T-cell,T-cell,train
-1.4538,-15.2533,Erythrocyte,Erythrocyte,train
13.9095,2.8776,T-cell,T-cell,train
1.9302,-17.0631,Erythrocyte,Erythrocyte,test
19.0102,1.9887,B-cell,B-cell,train
-8.1834,14.7244,Monocyte,Monocyte,test
11.6256,-5.5622,T-cell,T-cell,train
-14.9585,-11.9528,Dendritic,Dendritic,train
16.5813,3.4607,T-cell,T-cell,train
14.1753,2.1999,T-cell,T-cell,test
-7.6917,12.9542,Monocyte,Monocyte,test
14.1402,0.7317,T-cell,T-cell,train
12.3419,-2.6261,T-cell,NK,train
14.5687,1.0569,B-cell,B-cell,train
11.0456,-4.2482,T-cell,T-cell,train
0.0714,-16.1858,Erythrocyte,Erythrocyte,train
-16.1126,-3.4912,Neutrophil,Neutrophil,test
-1.407,-13.12,Erythrocyte,Erythrocyte,test
-11.3746,10.2977,Monocyte,Monocyte,test
-10.7025,10.6233,Monocyte,Monocyte,train
13.722,-7.0399,NK,B-cell,train
15.3815,1.109,T-cell,T-cell,train
-0.5738,-13.55,Erythrocyte,Erythrocyte,train
-9.7925,14.5902,Monocyte,Monocyte,train
-8.5602,11.324,Monocyte,Monocyte,train
-11.3721,-2.7215,Neutrophil,Neutrophil,train
16.9051,8.3407,T-cell,T-cell,train
-2.5513,-8.7931,Erythrocyte,Erythrocyte,train
-14.1869,-0.1075,Neutrophil,Neutrophil,test
16.7974,1.5488,B-cell,T-cell,train
14.1123,-1.5248,T-cell,T-cell,test
3.5995,-17.2934,Erythrocyte,Erythrocyte,train
-12.7835,7.2827,Monocyte,Monocyte,train
-11.2919,12.4695,Monocyte,Monocyte,train
-13.424,9.9578,Monocyte,Monocyte,train
-6.6793,6.4201,Monocyte,Monocyte,train
13.2019,-1.4459,T-cell,T-cell,train
19.5746,4.471,B-cell,B-cell,test
-1.2244,-19.0125,Erythrocyte,Erythrocyte,train
14.4798,2.5141,T-cell,T-cell,train
-13.3645,0.0571,Neutrophil,Neutrophil,train
1.5967,-16.1714,Erythrocyte,Erythrocyte,train
-7.9481,12.1619,Monocyte,Monocyte,train
-15.5432,-3.229,Neutrophil,Neutrophil,train
-6.1179,15.5762,Monocyte,Monocyte,test
13.5384,-6.2851,T-cell,T-cell,train
17.9967,3.5011,T-cell,T-cell,train
11.5372,-4.4058,T-cell,T-cell,train
-11.7884,-9.272,Dendritic,Dendritic,train
-13.5246,8.6055,Monocyte,Monocyte,train
-10.7962,0.7336,Neutrophil,Neutrophil,train
-8.8442,13.7893,Monocyte,Monocyte,test
13.5885,-2.075,T-cell,T-cell,test
14.7255,-2.4321,T-cell,T-cell,train
13.3191,-1.1694,T-cell,T-cell,test
4.733,-12.429,Platelet,Platelet,train
20.8117,5.1759,B-cell,B-cell,test
-10.2426,-13.4114,Dendritic,Dendritic,train
16.7304,1.1937,T-cell,T-cell,train
12.7039,-1.8056,NK,NK,train
-11.9814,9.0489,Monocyte,Monocyte,train
16.2072,-2.0824,B-cell,B-cell,test
-12.7192,6.5512,Monocyte,Monocyte,test
18.8673,-7.2244,NK,NK,test
13.5961,-7.6003,NK,NK,test
-7.4242,9.1192,Monocyte,Monocyte,train
-0.8497,-12.9458,Erythrocyte,Erythrocyte,train
13.7476,1.445,T-cell,T-cell,test
17.1223,2.8197,T-cell,T-cell,train
-15.7184,0.5266,Neutrophil,Neutrophil,train
-10.8824,-7.2408,Dendritic,Dendritic,train
18.1281,2.6939,B-cell,B-cell,test
-10.4516,6.063,Monocyte,Monocyte,train
14.2416,-2.6675,T-cell,T-cell,test
2.5261,-15.8535,Erythrocyte,Erythrocyte,train
-11.6843,16.0558,Monocyte,Monocyte,train
-11.3137,-11.2652,Dendritic,Dendritic,train
17.2471,-0.1097,T-cell,T-cell,test
6.3718,-18.1453,Erythrocyte,Erythrocyte,train
10.3872,-5.5319,T-cell,T-cell,train
14.8261,-1.9621,B-cell,B-cell,train
7.4044,-11.8951,Platelet,Platelet,train
-13.4509,-13.8802,Dendritic,Dendritic,test
16.7821,0.8483,B-cell,B-cell,train
10.8533,-0.2401,T-cell,T-cell,train
-11.7562,-11.6358,Dendritic,Dendritic,train
12.0626,1.0964,T-cell,T-cell,train
-0.3634,-12.0546,Erythrocyte,Erythrocyte,test
14.4937,-0.2095,B-cell,T-cell,test
-5.3137,-6.3123,Dendritic,Dendritic,train
-12.4469,1.9365,Neutrophil,Neutrophil,train
13.642,1.0053,T-cell,T-cell,train
2.8681,-17.4065,Erythrocyte,Erythrocyte,train
19.6735,-5.3617,NK,NK,train
13.0746,-8.3379,Platelet,Platelet,test
18.7264,-1.9024,B-cell,B-cell,test
5.9472,-12.9583,Platelet,Platelet,train
-12.2802,3.6172,Neutrophil,Neutrophil,train
-16.6704,-2.9176,Neutrophil,Neutrophil,train
13.3114,-4.502,T-cell,T-cell,test
19.174,5.8555,T-cell,T-cell,train
-8.6762,7.0324,Monocyte,Monocyte,train
15.5288,1.6524,T-cell,T-cell,train
-10.0895,13.5464,Monocyte,Monocyte,train
1.0451,-21.603,Erythrocyte,Erythrocyte,test
-10.548,10.5885,Monocyte,Monocyte,test
-5.3081,-11.8042,Erythrocyte,Erythrocyte,train
20.2138,4.1611,B-cell,B-cell,train
16.095,-3.0523,T-cell,T-cell,train
9.3049,-11.816,Platelet,Platelet,train
19.5592,-2.7305,B-cell,B-cell,test
-10.3783,10.6013,Monocyte,Monocyte,train
-0.7636,-10.9724,Erythrocyte,Erythrocyte,train
-13.3318,-0.7781,Neutrophil,Neutrophil,test
20.5571,3.5133,B-cell,B-cell,train
-14.554,7.0152,Monocyte,Monocyte,test
11.6638,0.2076,B-cell,B-cell,train
10.4895,-3.7298,T-cell,T-cell,train
19.5369,-4.0302,NK,NK,train
16.6605,4.8691,T-cell,T-cell,train
-11.2882,8.6936,Monocyte,Monocyte,train
0.9993,-13.008,Erythrocyte,Erythrocyte,test
-17.8701,-0.5457,Neutrophil,Neutrophil,train
7.0651,-3.2139,NK,NK,test
11.5667,0.3968,T-cell,T-cell,train
17.2483,-1.6966,B-cell,B-cell,train
14.4291,8.6449,T-cell,T-cell,train
14.4413,-2.0784,B-cell,B-cell,train
-0.4122,-11.2629,Erythrocyte,Erythrocyte,train
-12.892,5.7688,Neutrophil,Neutrophil,train
-8.3587,-7.931,Dendritic,Dendritic,train
24.4035,3.857,B-cell,B-cell,train
16.3709,-6.7466,NK,T-cell,train
15.8074,7.0673,T-cell,T-cell,test
-10.06,9.3508,Monocyte,B-cell,test
0.7726,-16.8112,Erythrocyte,Erythrocyte,train
-12.6582,9.0722,Monocyte,Monocyte,train
11.8083,-6.9783,Platelet,Platelet,test
-6.8405,-8.0335,Dendritic,Dendritic,train
12.6286,-7.7943,Platelet,Platelet,test
13.9288,-0.0789,B-cell,B-cell,train
29.9505,-4.4255,NK,NK,train
17.7439,4.8827,B-cell,B-cell,test
10.7569,-1.3794,T-cell,T-cell,train
18.4187,7.0538,T-cell,T-cell,train
13.0435,5.6701,T-cell,T-cell,train
-15.7394,-1.4693,Neutrophil,Neutrophil,train
12.7362,3.5406,T-cell,T-cell,train
-12.6237,-10.4805,Dendritic,Dendritic,train
13.8617,-11.5227,Platelet,Platelet,train
-11.9824,0.3119,Neutrophil,Neutrophil,train
0.7537,-13.3205,Erythrocyte,Erythrocyte,train
17.4072,-6.5005,NK,NK,train
-9.735,-11.4483,Dendritic,Dendritic,train
23.6375,5.8081,B-cell,B-cell,train
-13.2506,1.2782,Neutrophil,Neutrophil,train
19.3743,-7.2734,NK,B-cell,train
12.953,-1.3801,T-cell,B-cell,test
-0.7096,-14.1247,Erythrocyte,Erythrocyte,train
3.0791,-13.9496,Erythrocyte,Erythrocyte,train
-10.6936,9.6969,Monocyte,Monocyte,test
16.2982,0.4405,B-cell,B-cell,train
-10.8996,-9.691,Dendritic,Dendritic,test
-9.2966,-8.5156,Dendritic,Dendritic,train
20.7702,-0.2839,B-cell,B-cell,train
-10.5472,8.524,Monocyte,Monocyte,train
14.286,-3.6117,NK,B-cell,train
23.5783,9.3872,B-cell,B-cell,test
22.3846,2.6233,B-cell,B-cell,train
-18.2478,-2.5946,Neutrophil,Neutrophil,train
4.7933,-10.8945,Platelet,Platelet,train
-10.0684,7.5246,Monocyte,Monocyte,train
-14.2078,3.6574,Monocyte,Monocyte,test
12.1834,0.8648,T-cell,B-cell,train
-11.3538,-13.1614,Dendritic,Dendritic,train
-8.2903,-11.0103,Dendritic,Dendritic,train
-5.1948,9.6036,Monocyte,Monocyte,test
17.749,-4.1971,NK,NK,test
-15.7786,-1.9564,Neutrophil,Neutrophil,train
12.1964,5.3222,T-cell,B-cell,train
-0.7475,-13.2088,Erythrocyte,Erythrocyte,test
-9.9001,6.5278,Monocyte,Monocyte,train
12.5308,-1.7866,T-cell,T-cell,test
21.299,2.3406,B-cell,B-cell,test
12.5053,-0.8202,T-cell,T-cell,train
-2.4965,-13.702,Erythrocyte,Erythrocyte,train
23.0086,5.6742,B-cell,B-cell,train
-10.1017,8.9807,Monocyte,Monocyte,train
17.7318,-4.6705,NK,NK,train
23.2412,4.995,B-cell,B-cell,train
-5.9225,-6.3345,Dendritic,Dendritic,test
-15.4376,-3.7836,Neutrophil,Neutrophil,train
-14.8841,0.3309,Neutrophil,Neutrophil,test
14.3417,-1.7888,T-cell,T-cell,train
-9.0582,7.3476,Monocyte,Monocyte,test
23.0806,4.4804,B-cell,T-cell,train
-10.9133,8.9163,Monocyte,Monocyte,train
13.7516,-7.4845,Platelet,Platelet,test
-9.59,12.9358,Monocyte,Monocyte,train
11.4309,-9.4462,Platelet,Platelet,train
-14.9376,-0.2373,Neutrophil,Neutrophil,train
11.5153,-1.2406,B-cell,B-cell,test
14.2891,-0.61,T-cell,T-cell,train
13.5174,1.0772,T-cell,T-cell,train
14.1743,6.7652,T-cell,T-cell,train
12.7342,0.0383,T-cell,T-cell,train
14.1125,-5.5732,T-cell,T-cell,train
-19.9459,-1.7577,Neutrophil,Neutrophil,train
13.0336,-2.0888,B-cell,B-cell,test
15.2284,-0.2858,B-cell,B-cell,train
3.6372,-14.2517,Platelet,Platelet,train
-18.5449,-4.736,Neutrophil,Neutrophil,train
-1.877,-13.8882,Erythrocyte,Erythrocyte,train
-16.4494,-2.6598,Neutrophil,Neutrophil,train
11.4638,0.3208,T-cell,T-cell,train
-16.3609,-1.0863,Neutrophil,Neutrophil,train
10.6152,2.5713,T-cell,T-cell,train
-13.3692,8.5856,Monocyte,Monocyte,train
-10.6965,9.4722,Monocyte,Monocyte,train
-14.646,-12.4295,Dendritic,Dendritic,train
-19.718,-2.3203,Neutrophil,Neutrophil,train
19.4034,2.9023,B-cell,NK,train
18.2231,0.1888,B-cell,B-cell,train
-8.3178,10.9709,Monocyte,Monocyte,train
10.4869,-2.4664,T-cell,T-cell,test
14.4001,-3.2283,T-cell,T-cell,test
23.3726,4.0724,B-cell,B-cell,train
15.879,3.5885,B-cell,B-cell,train
-7.3345,-8.2971,Dendritic,Dendritic,train
17.2916,-2.2094,B-cell,B-cell,test
-14.834,0.2891,Neutrophil,Neutrophil,test
19.0492,4.4259,B-cell,B-cell,test
-14.0989,0.102,Neutrophil,Neutrophil,train
-7.0948,-10.5884,Dendritic,Dendritic,test
26.0204,4.5389,B-cell,NK,test
13.9672,-7.6766,NK,NK,train
25.4083,5.6492,B-cell,NK,train
15.0174,-4.131,NK,NK,train
-9.3195,13.3521,Monocyte,Monocyte,train
-1.1867,-13.5628,Erythrocyte,Erythrocyte,train
12.3857,-4.2413,NK,T-cell,test
-8.9908,-1.7052,Neutrophil,Neutrophil,test
7.9945,-8.5095,Platelet,Platelet,train
13.698,-8.0255,Platelet,Platelet,train
-9.6617,6.2927,Monocyte,Monocyte,train
-7.7843,4.9835,Neutrophil,Neutrophil,test
-10.1994,-0.0246,Neutrophil,Neutrophil,train
22.2147,3.8553,B-cell,B-cell,train
1.9307,-13.3928,Platelet,Platelet,test
14.6715,-0.3231,B-cell,B-cell,train
-12.6817,3.4806,Neutrophil,Neutrophil,train
1.9608,-23.6969,Erythrocyte,Erythrocyte,train
11.1327,-6.3392,NK,NK,train
17.8249,-7.8468,NK,NK,train
16.5532,6.6547,T-cell,T-cell,train
20.2967,2.5525,B-cell,B-cell,train
8.4556,-4.4894,NK,NK,train
-0.9953,-13.7065,Erythrocyte,Erythrocyte,train
-11.4222,8.0665,Monocyte,Monocyte,train
14.8315,-1.5741,Platelet,Platelet,train
19.5716,7.2471,B-cell,B-cell,train
22.7019,-2.2474,NK,T-cell,train
-12.4933,2.2709,Neutrophil,Neutrophil,train
9.6718,2.2509,T-cell,T-cell,train
14.8451,-3.2614,T-cell,T-cell,train
-12.1056,2.5014,Neutrophil,Neutrophil,train
12.1065,-1.6489,T-cell,T-cell,test
15.45,7.6401,T-cell,T-cell,train
14.222,-0.3194,B-cell,T-cell,train
12.16,-6.3992,T-cell,T-cell,train
-5.9802,-6.6682,Erythrocyte,Erythrocyte,test
-10.4055,8.6609,Monocyte,Monocyte,train
1.7568,-15.0618,Erythrocyte,Erythrocyte,train
-7.995,8.682,Monocyte,Monocyte,train
10.9479,-13.4117,Platelet,Platelet,train
-10.3523,-10.3077,Dendritic,Dendritic,train
-9.3487,12.5448,Monocyte,Monocyte,test
-13.0889,4.2138,Monocyte,NK,train
10.2343,-7.7691,Platelet,Platelet,train
0.4238,-15.0829,Erythrocyte,Erythrocyte,train
-6.79,5.7967,Monocyte,Monocyte,train
14.3127,-4.4192,T-cell,T-cell,train
-11.5736,2.2286,Neutrophil,Neutrophil,train
-10.2365,8.3035,Monocyte,Erythrocyte,train
-11.9118,8.0287,Monocyte,Monocyte,train
-8.6948,4.479,Monocyte,Monocyte,train
24.2286,4.994,B-cell,B-cell,test
13.9448,-7.5784,T-cell,T-cell,train
13.3735,-7.6989,NK,NK,train
13.7255,-4.1658,T-cell,NK,train
-6.1575,-10.102,Dendritic,Dendritic,train
-12.9664,9.0718,Monocyte,Monocyte,train
-5.6748,-8.1103,Dendritic,Dendritic,train
12.6708,0.9377,T-cell,T-cell,train
17.3818,-7.2085,NK,NK,train
-5.7613,13.9008,Monocyte,Monocyte,train
20.1316,3.6263,B-cell,NK,train
-9.799,9.3923,Monocyte,Monocyte,test
5.8943,-12.8601,Platelet,Platelet,train
16.7344,-2.6188,T-cell,T-cell,train
10.1287,-6.0234,NK,T-cell,train
-18.6324,-2.2998,Neutrophil,Neutrophil,train
-10.8069,-9.3829,Dendritic,Dendritic,train
2.5246,-18.2369,Erythrocyte,Erythrocyte,train
-1.3043,-12.6166,Erythrocyte,Platelet,train
12.302,-6.5042,T-cell,T-cell,test
13.8785,-1.3311,B-cell,B-cell,train
12.4624,-3.664,T-cell,T-cell,train
-8.7786,-10.4495,Dendritic,Dendritic,test
11.9008,-5.1402,NK,NK,test
9.7371,-3.2569,T-cell,T-cell,train
-8.6339,13.0122,Monocyte,Monocyte,train
-17.5271,-4.8058,Neutrophil,Neutrophil,train
12.7779,5.3929,T-cell,T-cell,train
-8.7527,8.9917,Monocyte,Dendritic,train
-0.4673,-10.5187,Erythrocyte,Erythrocyte,train
10.8827,0.261,T-cell,T-cell,test
13.4143,-2.7922,T-cell,T-cell,test
11.9395,-1.9305,T-cell,T-cell,test
31.0667,-4.3789,NK,NK,test
15.4788,-6.6992,T-cell,B-cell,train
1.1771,-15.0072,Erythrocyte,Erythrocyte,test
17.5288,8.296,T-cell,T-cell,test
22.3895,-1.3664,NK,NK,test
10.7319,-3.0335,T-cell,NK,train
-14.3513,2.0283,Neutrophil,Neutrophil,train
12.0083,1.4782,T-cell,B-cell,train
10.7034,-8.2595,Platelet,Platelet,train
-8.6884,10.5481,Monocyte,Monocyte,train
17.3313,-2.9473,NK,NK,train
-15.5717,0.7696,Neutrophil,Neutrophil,test
12.2558,-5.7151,T-cell,T-cell,test
-7.1882,17.7912,Monocyte,Monocyte,train
-13.8518,6.5952,Monocyte,Monocyte,train
13.1345,-3.5075,NK,NK,train
13.242,1.8483,T-cell,T-cell,train
12.4749,-0.7947,T-cell,T-cell,train
12.3822,2.3853,T-cell,NK,train
14.5661,1.9842,T-cell,B-cell,train
-11.0574,9.6546,Monocyte,Monocyte,test
-6.1349,10.6454,Monocyte,Monocyte,train
-9.8118,6.1213,Monocyte,Monocyte,train
13.194,-2.6353,T-cell,T-cell,train
-12.1008,-8.4756,Dendritic,Dendritic,test
-17.4168,-3.26,Neutrophil,Neutrophil,train
9.0302,-0.4602,T-cell,T-cell,train
8.6493,-6.5719,Platelet,Platelet,train
-8.663,-8.6882,Dendritic,Dendritic,train
13.0468,3.302,T-cell,T-cell,train
13.6212,1.5312,B-cell,B-cell,test
10.3271,-5.9058,Platelet,Platelet,train
-9.086,-7.9664,Dendritic,Dendritic,test
17.8584,5.3393,T-cell,T-cell,train
9.1958,-8.6296,T-cell,T-cell,train
13.3917,-8.7829,T-cell,T-cell,test
25.056,2.1441,B-cell,B-cell,test
21.3365,3.5392,B-cell,B-cell,test
9.8282,-8.6836,Platelet,Platelet,train
0.4655,-11.602,Erythrocyte,Erythrocyte,train
14.649,7.1879,T-cell,T-cell,test
17.8396,-0.777,T-cell,T-cell,train
-15.2726,0.8343,Neutrophil,Neutrophil,train
11.0664,-8.3015,Platelet,Platelet,train
16.0951,-4.9154,T-cell,T-cell,test
-14.5845,7.0103,Neutrophil,Neutrophil,train
18.3217,-2.1078,NK,NK,train
24.3197,5.9367,B-cell,NK,test
-7.5447,17.3408,Monocyte,Monocyte,test
-8.9568,8.6816,Monocyte,Monocyte,train
-14.2194,1.741,Neutrophil,Neutrophil,train
13.6022,-8.9614,Platelet,Platelet,test
-14.933,0.2794,Neutrophil,Neutrophil,test
-18.4169,-1.4573,Neutrophil,Neutrophil,train
20.3177,8.0661,B-cell,B-cell,train
-10.9423,10.944,Monocyte,Monocyte,train
-10.9712,4.3642,Monocyte,Monocyte,test
-18.9311,-8.7622,Neutrophil,Neutrophil,train
11.3783,-6.4974,Platelet,Platelet,test
20.7555,2.9652,B-cell,B-cell,train
22.8767,-5.7658,NK,NK,train
-15.5292,-1.1538,Neutrophil,Neutrophil,test
2.6608,-17.859,Erythrocyte,Erythrocyte,train
20.7375,-8.5729,NK,NK,train
8.7348,-6.7431,Platelet,Platelet,train
6.6149,-11.9254,Platelet,Platelet,train
17.3761,0.7733,B-cell,B-cell,train
10.54,-4.8116,T-cell,NK,train
15.4538,1.1152,B-cell,B-cell,test
-11.9082,-10.3833,Dendritic,Dendritic,train
-13.6662,5.7796,Monocyte,Monocyte,train
-2.2318,-6.4729,Erythrocyte,Erythrocyte,train
-15.1625,-2.8714,Neutrophil,Neutrophil,train
21.0418,6.0994,B-cell,NK,train
15.7369,-3.2185,NK,NK,train
14.0331,-3.291,T-cell,T-cell,train
19.5311,-1.892,B-cell,B-cell,train
-16.4249,-1.0482,Neutrophil,Neutrophil,train
-11.0626,1.6123,Monocyte,Monocyte,test
12.9843,-0.6643,T-cell,NK,train
13.2562,1.2337,T-cell,T-cell,test
20.2643,3.1437,B-cell,B-cell,train
-12.3616,3.372,Neutrophil,Neutrophil,test
17.0898,-5.4738,T-cell,NK,train
1.4628,-14.1941,Erythrocyte,Erythrocyte,train
15.8861,5.6317,T-cell,T-cell,train
24.319,-5.4406,NK,NK,train
15.2838,3.0376,T-cell,T-cell,train
-9.5162,13.3002,Monocyte,Monocyte,train
-6.1221,-9.1368,Dendritic,Dendritic,test
16.0802,1.222,T-cell,T-cell,test
-11.4693,7.4187,Monocyte,Monocyte,train
14.6721,-5.735,NK,NK,train
16.2101,-0.4272,T-cell,B-cell,test
-12.2525,14.454,Monocyte,Monocyte,train
24.8916,4.967,B-cell,B-cell,train
9.7364,-7.545,T-cell,T-cell,train
11.5416,-3.1101,T-cell,T-cell,train
22.5594,5.5434,B-cell,B-cell,test
-17.1622,-1.2655,Neutrophil,Neutrophil,train
-16.67,-3.2588,Neutrophil,T-cell,test
13.4738,-3.7333,T-cell,T-cell,train
17.566,8.6366,T-cell,T-cell,train
-11.1875,2.9147,Neutrophil,Neutrophil,train
14.863,-2.8067,T-cell,T-cell,train
-14.3701,4.305,Neutrophil,Neutrophil,train
-6.2307,-8.8639,Dendritic,Dendritic,train
11.1739,-10.6757,Platelet,Platelet,train
-8.6161,7.914,Monocyte,Monocyte,train
14.3867,-6.2701,T-cell,T-cell,train
15.9801,6.8967,T-cell,T-cell,train
-7.5211,-7.6686,Dendritic,Dendritic,test
-6.6492,-7.3627,Dendritic,Dendritic,train
14.0606,2.8096,T-cell,T-cell,train
-4.0482,18.7491,Monocyte,Monocyte,train
18.3983,5.3475,B-cell,B-cell,train
10.7949,-11.2144,Platelet,Platelet,train
12.512,-1.9623,T-cell,T-cell,test
13.0739,0.2847,B-cell,B-cell,train
21.3128,-5.494,NK,NK,train
12.9557,1.1047,T-cell,B-cell,test
-13.5916,4.8809,Monocyte,Monocyte,train
-11.7071,1.4646,Neutrophil,Neutrophil,train
17.6718,4.9112,T-cell,T-cell,train
-9.4413,4.8164,Neutrophil,Neutrophil,test
-7.1658,11.7661,Monocyte,Monocyte,train
13.9021,1.251,T-cell,T-cell,test
17.0295,-5.3375,NK,NK,test
-9.3628,9.6559,Monocyte,Monocyte,train
13.5739,-6.4639,T-cell,T-cell,train
-9.7946,9.27,Monocyte,Monocyte,test
15.565,3.2805,B-cell,B-cell,train
0.0064,-15.595,Erythrocyte,Erythrocyte,train
16.5858,2.3961,T-cell,T-cell,train
-10.2355,11.8025,Monocyte,Monocyte,train
-11.7688,4.9047,Monocyte,Monocyte,train
-12.1139,-11.7459,Dendritic,T-cell,train
-12.6274,-1.4516,Neutrophil,Neutrophil,test
-14.6198,1.0489,Neutrophil,Neutrophil,train
14.4913,3.8969,T-cell,T-cell,test
-10.2535,9.5986,Monocyte,Monocyte,train
15.7602,0.1618,B-cell,B-cell,train
-11.8721,-0.1095,Neutrophil,Neutrophil,test
-17.221,-4.0858,Neutrophil,Neutrophil,test
-14.6603,1.1653,Neutrophil,Neutrophil,train
21.4692,-4.358,NK,NK,test
-8.9186,12.1998,Monocyte,Monocyte,train
23.9816,-4.3421,NK,NK,train
-10.8759,10.0393,Monocyte,Monocyte,train
-1.3735,-8.1475,Erythrocyte,Erythrocyte,test
-8.1496,16.2163,Monocyte,Monocyte,train
-14.2509,10.5967,Monocyte,Monocyte,test
-8.2957,18.4069,Monocyte,Monocyte,train
21.7365,7.2094,B-cell,B-cell,test
13.8459,-10.6254,Platelet,Platelet,train
17.0177,3.782,T-cell,T-cell,train
6.2676,-5.1232,NK,B-cell,test
17.4622,-5.1043,NK,NK,test
13.489,-1.7974,T-cell,T-cell,test
15.3304,4.011,B-cell,B-cell,train
11.3441,-1.6354,T-cell,T-cell,train
17.7295,2.684,T-cell,T-cell,test
-10.8453,2.9456,Neutrophil,Neutrophil,test
2.3476,-18.3891,Erythrocyte,Erythrocyte,train
-1.2401,-10.9438,Erythrocyte,Erythrocyte,test
-3.5176,-10.2583,Erythrocyte,Erythrocyte,train
14.7851,0.3888,T-cell,T-cell,train
11.5752,-0.9649,T-cell,T-cell,train
-10.5655,3.6884,Monocyte,Monocyte,test
0.0541,-12.3275,Erythrocyte,Erythrocyte,train
-15.6108,-0.8561,Neutrophil,Neutrophil,test
11.5309,-2.9195,T-cell,T-cell,train
-9.5802,12.5028,Monocyte,Monocyte,train
-11.0061,11.3731,Monocyte,Monocyte,train
12.6915,3.4516,T-cell,T-cell,test
17.1182,0.3865,B-cell,B-cell,train
13.5372,0.7196,T-cell,T-cell,train
17.3223,-7.3666,NK,NK,train
-11.9741,7.4006,Monocyte,Monocyte,train
0.5833,-10.2251,Erythrocyte,Erythrocyte,train
-2.35,-10.8371,Erythrocyte,Erythrocyte,train
19.0887,4.6523,B-cell,NK,train
9.047,-11.7202,T-cell,T-cell,test
-6.2066,17.5768,Monocyte,Monocyte,train
12.0797,-10.8376,Platelet,Platelet,test
-14.306,0.0416,Neutrophil,Neutrophil,train
-12.5492,-12.4944,Dendritic,Dendritic,test
23.1597,-4.8994,NK,NK,train
20.0125,0.1891,B-cell,NK,train
12.9769,-2.1034,T-cell,B-cell,test
-13.1974,-1.1268,Neutrophil,Neutrophil,train
-16.6199,-7.8781,Neutrophil,Neutrophil,train
14.9237,0.8373,T-cell,T-cell,train
20.3943,-5.9873,NK,NK,train
-6.4439,8.0902,Monocyte,Monocyte,train
21.9525,-2.8784,NK,NK,train
-7.0593,17.0338,Monocyte,Monocyte,train
19.5209,2.793,B-cell,B-cell,test
20.2736,-6.0552,NK,NK,test
-14.2291,-2.2161,Neutrophil,Neutrophil,train
-0.3997,-14.5615,Erythrocyte,Erythrocyte,test
8.6152,-3.0476,T-cell,T-cell,test
14.0973,2.5905,T-cell,T-cell,test
-16.288,-2.6449,Neutrophil,Neutrophil,train
25.8191,-3.3177,NK,NK,test
22.465,6.6979,B-cell,NK,test
25.3019,3.1733,B-cell,B-cell,train
13.5367,-5.265,T-cell,T-cell,train
13.5834,0.8842,B-cell,B-cell,train
11.202,1.4723,T-cell,T-cell,train
15.3425,0.3056,T-cell,B-cell,train
-14.1788,-13.5769,Dendritic,Dendritic,test
12.256,0.5435,B-cell,B-cell,train
0.8193,-8.5407,Erythrocyte,Erythrocyte,test
-9.976,2.113,Monocyte,Monocyte,train
-3.213,-14.507,Erythrocyte,Erythrocyte,train
16.3142,1.8905,B-cell,B-cell,train
-9.888,-6.9444,Dendritic,Dendritic,train
10.2819,-6.8098,NK,B-cell,test
-0.7225,-12.4299,Erythrocyte,Erythrocyte,train
4.3577,-18.4275,Erythrocyte,Monocyte,test
7.9918,-11.8692,Platelet,Platelet,train
23.0525,6.0603,B-cell,B-cell,train
3.687,-14.3389,Erythrocyte,Erythrocyte,test
-1.4793,-14.0523,Erythrocyte,Erythrocyte,test
-0.561,-16.2382,Erythrocyte,Erythrocyte,test
-10.3259,-9.825,Dendritic,Dendritic,train
-11.3551,8.5369,Monocyte,Monocyte,train
15.0471,4.2315,T-cell,T-cell,test
0.7136,-14.984,Erythrocyte,Erythrocyte,test
11.3682,0.6115,T-cell,T-cell,test
-10.996,10.4855,Monocyte,Monocyte,test
-15.0885,-3.3569,Neutrophil,Neutrophil,train
10.2509,-8.0259,Platelet,Platelet,train
14.2963,0.4769,B-cell,B-cell,train
10.5242,-2.9827,T-cell,T-cell,test
-7.0513,-9.2635,Dendritic,Dendritic,test
21.0213,-0.7068,B-cell,T-cell,test
7.5468,-7.47,NK,NK,train
16.5234,-4.7027,NK,NK,test
-13.4929,-4.2296,Neutrophil,Neutrophil,train
20.512,5.218,B-cell,B-cell,test
8.5533,-12.3305,Platelet,Platelet,train
-1.9332,-13.2193,Erythrocyte,Erythrocyte,train
-9.0443,-9.4869,Dendritic,Dendritic,train
5.7226,-10.2049,Platelet,Platelet,train
11.7144,-9.414,Platelet,Platelet,train
-13.0394,0.538,Monocyte,Monocyte,test
11.8009,0.1319,T-cell,T-cell,train
-11.8642,7.0405,Monocyte,Monocyte,train
-0.6482,-15.7666,Erythrocyte,Erythrocyte,test
18.3661,-3.5385,B-cell,B-cell,train
24.6234,14.4091,T-cell,T-cell,train
18.4674,8.2427,T-cell,T-cell,test
12.0463,4.8469,T-cell,T-cell,train
4.8533,-15.652,Erythrocyte,Erythrocyte,train
8.4106,-8.1445,Platelet,Platelet,train
7.6685,-7.2545,B-cell,B-cell,train
1.4039,-13.9691,Erythrocyte,Erythrocyte,test
20.1546,1.4639,B-cell,B-cell,train
-12.0206,-0.1481,Neutrophil,Neutrophil,train
11.6827,-7.5152,Platelet,Platelet,train
-10.0773,2.7423,Neutrophil,Neutrophil,train
17.0969,-6.303,NK,NK,train
13.8703,-1.2706,T-cell,T-cell,train
17.9952,-2.645,NK,NK,test
-12.7798,3.9287,Neutrophil,Neutrophil,train
9.1301,-7.9409,Platelet,Platelet,test
-7.0629,14.5847,Monocyte,Monocyte,train
19.2277,4.0228,B-cell,B-cell,train
5.5634,-13.4915,Platelet,Platelet,train
14.0859,5.1484,B-cell,B-cell,train
14.41,-1.8126,T-cell,T-cell,test
7.0702,-11.8,Platelet,Platelet,train
16.5605,6.1553,T-cell,T-cell,test
-12.1013,3.5013,Neutrophil,Neutrophil,test
18.5859,-1.3583,B-cell,T-cell,test
12.9909,-1.9669,Platelet,Platelet,train
-9.6664,7.448,Monocyte,Monocyte,train
12.0914,-8.8793,T-cell,T-cell,train
-10.5347,7.3635,Monocyte,Monocyte,train
-7.9199,13.6964,Monocyte,Monocyte,test
0.2291,-17.3068,Erythrocyte,Neutrophil,train
-15.8719,0.4214,Neutrophil,Neutrophil,train
3.4571,-15.1424,Erythrocyte,Erythrocyte,test
-3.9745,-2.9004,Dendritic,Dendritic,test
15.8236,9.0204,T-cell,T-cell,train
20.4838,5.7496,B-cell,B-cell,train
12.8753,3.0748,T-cell,T-cell,train
13.2195,-7.5338,NK,NK,train
13.6726,-6.1896,NK,NK,train
2.6291,-19.0542,Erythrocyte,Erythrocyte,test
14.501,-6.8107,Platelet,Platelet,train
-15.7729,-10.3687,Dendritic,Dendritic,train
9.8649,-10.9141,T-cell,T-cell,train
12.5949,-0.5498,T-cell,T-cell,train
20.6409,-4.9631,NK,NK,train
11.6946,-5.2927,T-cell,T-cell,train
-12.6701,0.8292,Neutrophil,Neutrophil,test
16.1482,-6.703,NK,NK,train
14.133,-2.5864,T-cell,T-cell,train
14.1125,-1.7965,B-cell,B-cell,train
-13.0987,9.0986,Monocyte,Monocyte,train
-10.4195,5.5187,Monocyte,Monocyte,test
-11.7104,8.6714,Monocyte,Monocyte,test
-13.1389,9.2729,Monocyte,Monocyte,test
12.963,-3.2521,T-cell,T-cell,train
14.1752,-2.5424,T-cell,NK,test
15.7677,0.7568,T-cell,T-cell,test
10.5479,-9.0299,NK,NK,test
21.061,-5.678,NK,T-cell,test
15.5162,-5.654,NK,NK,train
14.7152,5.0037,T-cell,T-cell,train
22.8409,-2.2315,NK,NK,test
-14.1222,-1.5527,Neutrophil,Neutrophil,train
12.1331,-9.22,Platelet,Platelet,train
10.7309,-10.5457,Platelet,Platelet,train
19.9006,5.9696,B-cell,B-cell,train
-12.6665,1.6914,Neutrophil,Neutrophil,train
12.7155,-9.8879,Platelet,Platelet,train
13.6435,-9.2297,T-cell,T-cell,train
19.5161,3.6568,B-cell,B-cell,test
-14.6375,1.5248,Neutrophil,Neutrophil,train
-13.0298,0.5654,Neutrophil,Neutrophil,test
3.759,-12.3649,Platelet,Platelet,test
-7.8588,14.6572,Monocyte,Monocyte,train
19.9775,-5.682,NK,T-cell,train
13.8877,-4.5974,B-cell,B-cell,test
-0.5583,-17.7074,Erythrocyte,Erythrocyte,test
-12.4549,10.343,Monocyte,Monocyte,train
-11.8208,11.4893,Monocyte,Monocyte,test
10.1862,-3.6328,T-cell,T-cell,train
-16.4584,1.6208,Neutrophil,Neutrophil,train
21.7849,1.0582,B-cell,B-cell,train
13.9011,-5.1769,T-cell,T-cell,test
13.5768,1.0124,B-cell,B-cell,test
-8.417,15.2735,Monocyte,Monocyte,train
12.7984,-9.4878,Platelet,Platelet,test
8.4608,-8.2841,Platelet,Platelet,train
10.4558,-11.884,Platelet,Platelet,train
13.9454,-0.634,T-cell,T-cell,train
1.392,-18.6752,Erythrocyte,Erythrocyte,test
-9.0295,11.6516,Monocyte,Neutrophil,train
13.8453,-5.0995,T-cell,T-cell,test
-11.8453,5.8391,Monocyte,Monocyte,train
14.6374,-1.8005,T-cell,T-cell,test
27.9395,7.4257,B-cell,B-cell,train
23.3995,1.7909,B-cell,T-cell,test
-17.6726,-2.1457,Neutrophil,Neutrophil,train
-7.0772,-7.153,Dendritic,Dendritic,train
-11.8423,5.5465,Monocyte,Neutrophil,train
-4.5708,-9.3561,Erythrocyte,Erythrocyte,train
-12.4809,0.4023,Neutrophil,Neutrophil,train
17.9393,2.58,T-cell,T-cell,train
11.9467,4.9789,T-cell,T-cell,train
19.6349,-5.7859,NK,NK,train
11.5358,-3.6315,Platelet,Platelet,train
1.342,-15.2027,Erythrocyte,Erythrocyte,test
14.6565,-8.3977,NK,NK,train
20.2481,-8.3872,NK,NK,train
-13.3764,-2.3302,Neutrophil,Neutrophil,train
9.1601,-12.7448,Platelet,Platelet,test
16.6699,-4.9183,B-cell,B-cell,train
23.5082,-1.4288,B-cell,B-cell,train
12.154,1.6847,B-cell,B-cell,test
-13.0115,5.8671,Monocyte,Monocyte,train
-13.287,1.8502,Neutrophil,Neutrophil,train
17.5481,4.6082,T-cell,T-cell,train
14.2005,0.8321,B-cell,B-cell,train
7.9285,-11.0787,Platelet,T-cell,test
15.2181,3.6496,B-cell,NK,test
-1.4318,-13.0223,Erythrocyte,Erythrocyte,train
13.7733,-6.8848,T-cell,T-cell,train
8.3161,-10.1314,Platelet,Platelet,train
-5.5075,-6.6728,Dendritic,Dendritic,test
4.9465,-18.4335,Erythrocyte,Erythrocyte,test
-10.5397,6.9154,Monocyte,Monocyte,test
-10.5568,10.9149,Monocyte,Monocyte,train
9.8313,-6.7634,Platelet,Platelet,train
-13.2483,-3.8216,Neutrophil,Neutrophil,train
13.1999,3.0112,T-cell,T-cell,train
19.9913,-0.6274,B-cell,T-cell,train
12.4505,-0.4159,B-cell,B-cell,test
13.405,-9.8125,Platelet,Platelet,test
19.8986,1.3109,B-cell,T-cell,train
-9.6984,12.2266,Monocyte,Monocyte,train
15.6646,1.3608,B-cell,B-cell,test
-11.8693,0.5273,Neutrophil,Neutrophil,test
19.5573,-2.0125,B-cell,B-cell,train
-6.3353,15.882,Monocyte,Monocyte,train
-13.2591,3.1642,Neutrophil,Neutrophil,train
15.9247,4.0502,T-cell,T-cell,train
-11.2824,-13.5775,Dendritic,Dendritic,test
-14.2823,2.2188,Neutrophil,Neutrophil,train
-13.0818,2.3771,Neutrophil,Neutrophil,train
6.4811,-20.8513,Erythrocyte,Erythrocyte,train
18.2099,0.0056,T-cell,T-cell,train
11.0805,-1.2118,T-cell,T-cell,test
19.2712,-5.9584,NK,NK,train
-14.1605,7.5374,Monocyte,Monocyte,test
18.5428,2.8753,B-cell,B-cell,test
19.6706,2.9169,B-cell,B-cell,train
-10.5408,3.6427,Neutrophil,Neutrophil,train
21.3532,-1.4594,NK,NK,test
11.0287,-10.174,Platelet,Platelet,train
-13.4602,5.4285,Neutrophil,Neutrophil,train
-11.3449,-0.6519,Neutrophil,Neutrophil,train
9.7153,-8.4157,T-cell,NK,train
20.8007,2.9348,B-cell,B-cell,train
-14.8414,-4.3704,Neutrophil,Neutrophil,train
20.6453,6.465,B-cell,B-cell,train
0.2877,-13.3103,Erythrocyte,Erythrocyte,train
14.5575,-9.2343,T-cell,T-cell,test
-17.9607,-2.0416,Neutrophil,Neutrophil,train
-23.3174,-5.0849,Neutrophil,Neutrophil,train
12.0783,-2.7215,B-cell,B-cell,train
20.4404,2.0655,B-cell,B-cell,train
20.6662,-0.5245,B-cell,B-cell,train
-13.9654,9.1259,Monocyte,Monocyte,test
-10.6822,7.8675,Monocyte,Monocyte,train
13.2446,-3.0975,T-cell,T-cell,train
15.8946,3.131,T-cell,T-cell,test
-6.979,-6.4585,Dendritic,Dendritic,test
-8.5828,8.0522,Monocyte,Monocyte,train
-2.2305,-12.6366,Erythrocyte,Erythrocyte,train
17.925,2.615,T-cell,T-cell,train
23.2753,8.3065,B-cell,B-cell,test
4.2738,-15.5029,Erythrocyte,Erythrocyte,train
11.108,-4.6771,B-cell,NK,train
2.8422,-13.8929,Erythrocyte,Erythrocyte,test
7.893,-12.8343,Platelet,Platelet,test
-11.5175,-10.264,Dendritic,Dendritic,train
17.0963,5.5223,T-cell,T-cell,train
12.0364,-10.2956,Platelet,Platelet,train
2.5172,-17.4097,Erythrocyte,Erythrocyte,train
21.3631,4.3324,B-cell,B-cell,test
14.6765,4.8524,T-cell,T-cell,train
-3.1989,-14.1129,Erythrocyte,Erythrocyte,test
13.867,-1.0143,T-cell,T-cell,train
5.3726,-12.3921,Platelet,Platelet,test
-1.9129,-11.7164,Erythrocyte,Erythrocyte,train
24.5915,6.3602,B-cell,B-cell,train
17.053,3.6683,T-cell,B-cell,train
15.9874,-1.239,T-cell,T-cell,train
22.773,3.453,B-cell,B-cell,train
14.3522,-8.6263,NK,NK,train
-12.8236,2.8718,Neutrophil,Neutrophil,train
-10.366,5.346,Monocyte,Monocyte,train
10.1884,-4.2038,B-cell,B-cell,train
10.3514,1.1137,T-cell,T-cell,test
15.9955,5.0067,T-cell,NK,train
12.3443,-7.8822,Platelet,Platelet,train
12.5075,1.0106,B-cell,NK,train
-17.532,-4.3504,Neutrophil,Neutrophil,train
-11.9367,-12.0475,Dendritic,Dendritic,test
6.5918,-9.1583,Platelet,Platelet,train
13.9795,0.9624,B-cell,B-cell,train
0.43,-11.6389,Erythrocyte,Erythrocyte,test
-17.5491,-2.203,Neutrophil,Neutrophil,test
12.0431,-2.7609,T-cell,T-cell,test
14.6841,-5.4339,NK,NK,train
-11.7608,5.5662,Monocyte,Monocyte,train
-7.0899,15.8661,Monocyte,Monocyte,train
17.7528,-1.8061,T-cell,T-cell,test
-12.5208,0.5102,Neutrophil,Neutrophil,train
-0.2277,-12.225,Erythrocyte,Erythrocyte,test
23.7617,-1.7287,NK,T-cell,train
-10.478,9.0859,Monocyte,Monocyte,train
17.7449,2.0868,B-cell,B-cell,test
2.3264,-10.9103,Platelet,Platelet,train
-11.2367,5.8616,Monocyte,Monocyte,train
-10.3586,-11.7498,Dendritic,Dendritic,train
-8.5371,-7.0354,Dendritic,Dendritic,test
-11.2985,9.961,Monocyte,Monocyte,train
-1.5349,-9.7879,Erythrocyte,Erythrocyte,train
13.4839,0.8488,T-cell,T-cell,train
-8.7252,9.0923,Monocyte,Monocyte,test
-16.1965,-0.1695,Neutrophil,Neutrophil,train
16.2942,-3.7288,T-cell,T-cell,train
-12.354,10.0492,Monocyte,Monocyte,train
-14.863,0.5702,Neutrophil,Neutrophil,train
19.4031,3.1796,B-cell,B-cell,train
12.3194,-5.2912,T-cell,T-cell,test
11.2118,-8.736,Platelet,Platelet,train
15.8749,0.0206,T-cell,T-cell,train
9.6304,-9.6066,Platelet,Platelet,test
-13.0299,5.2122,Monocyte,Monocyte,train
-12.1336,-9.4847,Dendritic,Dendritic,train
-10.8575,-13.9244,Dendritic,Dendritic,test
15.3034,-1.3282,B-cell,T-cell,train
16.8523,-2.0274,B-cell,B-cell,train
16.1597,-1.7025,B-cell,B-cell,train
-8.4073,10.2618,Monocyte,Monocyte,train
-8.9819,-10.0839,Dendritic,Monocyte,test
16.2831,-2.8717,NK,NK,test
11.5068,-2.4045,T-cell,T-cell,train
10.9121,-10.3792,T-cell,T-cell,test
15.8268,3.1916,T-cell,B-cell,test
11.4822,-8.9137,Platelet,Platelet,train
-9.6938,8.1995,Monocyte,Monocyte,train
-15.2715,0.6749,Neutrophil,Neutrophil,train
12.4263,-4.1846,NK,NK,train
19.1299,-0.083,B-cell,B-cell,test
-1.441,-15.6385,Erythrocyte,Erythrocyte,train
-16.3265,-1.0604,Neutrophil,Neutrophil,train
12.0179,-2.3993,B-cell,B-cell,train
-9.5759,-11.5266,Dendritic,Dendritic,train
-12.8398,-0.6049,Neutrophil,Neutrophil,train
-12.5087,2.0408,Neutrophil,Neutrophil,train
-14.5711,7.7693,Neutrophil,Dendritic,train
-13.7457,0.2888,Neutrophil,Neutrophil,train
8.317,-6.0359,T-cell,T-cell,train
19.2154,2.9463,B-cell,B-cell,train
15.2463,-3.0358,T-cell,T-cell,test
7.4031,-11.3785,Platelet,Platelet,test
-14.2174,-2.257,Neutrophil,Neutrophil,train
13.2762,4.8349,T-cell,T-cell,train
24.52,-2.5954,NK,NK,train
11.8847,-6.4164,NK,B-cell,train
14.9472,1.2854,B-cell,B-cell,train
-17.3726,-4.3077,Neutrophil,Neutrophil,train
10.3436,0.0201,T-cell,T-cell,train
20.7993,10.2448,B-cell,B-cell,test
-11.8222,5.7634,Monocyte,Monocyte,train
-10.2637,10.0352,Monocyte,Monocyte,train
-6.5081,-5.3604,Dendritic,Dendritic,train
10.5117,-8.6465,NK,NK,train
25.5135,5.8293,B-cell,B-cell,train
6.0405,-14.1508,Erythrocyte,Erythrocyte,test
-2.9065,-9.0328,Erythrocyte,Erythrocyte,train
18.9189,-6.2817,NK,NK,train
-5.6365,-4.4276,Erythrocyte,Erythrocyte,train
-15.5068,2.3533,Neutrophil,Neutrophil,train
10.6391,-6.5579,Platelet,Platelet,train
18.4102,-8.8887,NK,NK,train
-6.1259,-7.1189,Dendritic,Dendritic,train
-14.7534,-2.1558,Monocyte,Monocyte,test
21.9571,2.1341,B-cell,T-cell,test
-0.2256,-12.8315,Erythrocyte,Erythrocyte,train
-14.9038,-1.6128,Neutrophil,Neutrophil,train
12.8202,4.8497,T-cell,T-cell,train
-4.1652,-10.3646,Erythrocyte,Erythrocyte,train
-6.6843,-8.3255,Dendritic,Dendritic,test
9.5888,-2.5381,T-cell,T-cell,test
13.2949,-1.3564,T-cell,T-cell,train
-11.1121,12.2928,Monocyte,Monocyte,train
0.5725,-15.2067,Erythrocyte,Erythrocyte,train
0.5283,-14.8116,Erythrocyte,Erythrocyte,train
20.2072,3.6797,B-cell,B-cell,train
13.308,1.2873,B-cell,B-cell,train
11.5342,-5.385,B-cell,B-cell,train
11.6728,-6.8531,T-cell,NK,test
15.1646,0.9959,B-cell,B-cell,train
11.5369,-0.1502,T-cell,T-cell,test
15.7976,6.5875,T-cell,T-cell,train
-13.5095,1.126,Neutrophil,Neutrophil,train
4.0076,-3.268,NK,NK,train
-10.8169,6.1385,Monocyte,Monocyte,train
-6.3792,-9.6907,Dendritic,Dendritic,train
14.7292,0.6962,T-cell,T-cell,train
11.8492,-2.5566,T-cell,NK,train
18.2111,-1.9134,B-cell,B-cell,train
-11.446,9.156,Monocyte,Monocyte,test
17.8588,6.2132,B-cell,B-cell,test
-1.3475,-12.0378,Erythrocyte,Erythrocyte,train
-2.8128,-15.1456,Erythrocyte,Erythrocyte,train
11.3878,-0.8142,T-cell,T-cell,train
22.207,7.3941,B-cell,B-cell,test
-0.8723,-14.6069,Erythrocyte,Erythrocyte,train
-7.3548,-10.6433,Dendritic,Dendritic,train
16.0923,-3.5882,T-cell,B-cell,test
15.5164,-3.4218,NK,NK,train
7.1668,-12.5967,Platelet,Platelet,train
-13.8158,0.1626,Neutrophil,Neutrophil,train
-2.2747,-10.4039,Erythrocyte,Erythrocyte,train
15.8074,-2.8072,B-cell,B-cell,test
-7.7355,-8.1309,Dendritic,Dendritic,train
19.0493,1.2143,B-cell,B-cell,train
-12.9927,9.1543,Monocyte,Monocyte,test
-13.3245,4.9669,Monocyte,Monocyte,train
13.7927,-0.4245,T-cell,T-cell,train
-0.4953,-19.871,Erythrocyte,Erythrocyte,train
-12.8288,-14.2686,Dendritic,Dendritic,train
0.8301,-14.2889,Erythrocyte,NK,train
15.0498,-0.0744,T-cell,T-cell,test
11.1343,-3.7605,NK,NK,train
4.4219,-5.0236,NK,B-cell,train
12.223,-5.3001,T-cell,T-cell,test
-11.1816,9.8953,Monocyte,Monocyte,train
16.3136,8.9905,T-cell,T-cell,train
10.3799,-8.1614,T-cell,T-cell,train
12.2806,-1.7255,T-cell,T-cell,test
-15.069,-9.8511,Dendritic,Dendritic,test
-0.9972,-18.192,Erythrocyte,Erythrocyte,train
16.5352,1.2006,B-cell,NK,train
5.7162,-11.7848,Platelet,Platelet,test
1.1809,-15.784,Erythrocyte,Erythrocyte,train
-0.6376,-12.2017,Erythrocyte,Erythrocyte,train
18.0706,-1.2581,NK,NK,test
-6.4017,-10.0918,Dendritic,Dendritic,train
-12.6735,-9.3554,Dendritic,Dendritic,train
20.5549,7.0123,B-cell,B-cell,train
9.987,-9.9364,Platelet,Platelet,test
-11.5357,1.2194,Neutrophil,Neutrophil,train
-11.4339,7.0916,Monocyte,Monocyte,train
15.8696,-0.1261,B-cell,B-cell,train
13.727,-5.3583,T-cell,T-cell,train
9.0415,-4.6966,T-cell,T-cell,test
7.5131,-13.619,Platelet,Platelet,test
15.1772,4.4543,T-cell,T-cell,train
9.7029,-11.2528,Platelet,Platelet,train
-10.4494,-9.6986,Dendritic,Dendritic,train
12.3347,-7.8328,Platelet,Platelet,test
17.9305,-1.2306,B-cell,B-cell,train
18.1148,-1.2566,B-cell,B-cell,train
-0.2785,-12.235,Erythrocyte,Erythrocyte,train
21.7766,1.4154,B-cell,B-cell,test
-15.6686,2.0865,Neutrophil,Neutrophil,test
14.331,-6.2059,NK,NK,train
5.1205,-23.2132,Erythrocyte,NK,test
10.2697,-8.7253,Platelet,Platelet,test
-12.547,3.9673,Neutrophil,Neutrophil,train
-20.2269,-6.1793,Neutrophil,Neutrophil,train
17.2401,1.1475,B-cell,B-cell,test
-10.0299,11.3496,Monocyte,Monocyte,test
-1.6161,-10.1965,Erythrocyte,Erythrocyte,train
14.3121,-11.6669,NK,NK,train
-17.8567,-2.6137,Neutrophil,Neutrophil,train
-6.8494,8.2853,Monocyte,Monocyte,train
15.3508,0.2568,B-cell,B-cell,train
-17.1108,-4.0569,Neutrophil,Neutrophil,test
14.4933,0.2919,T-cell,B-cell,test
-1.1089,-12.9049,Erythrocyte,Erythrocyte,train
-7.4583,18.3246,Monocyte,Monocyte,train
17.4236,-4.1848,NK,T-cell,test
1.4181,-12.7512,Erythrocyte,Erythrocyte,train
7.9519,-14.8219,Platelet,Platelet,test
2.8283,-20.9656,Erythrocyte,Erythrocyte,train
-10.0519,3.2051,Neutrophil,Neutrophil,test
-13.6754,1.3842,Neutrophil,Neutrophil,train
10.6422,-2.7696,B-cell,B-cell,train
-16.4974,7.8076,Monocyte,Monocyte,train
17.4712,7.8945,B-cell,B-cell,train
13.9833,-1.2276,T-cell,T-cell,train
-6.2696,10.6251,Monocyte,Monocyte,train
14.4063,0.0298,T-cell,T-cell,train
-16.302,-1.5488,Neutrophil,Neutrophil,test
-11.3269,6.6655,Neutrophil,Neutrophil,train
-16.5504,-0.7273,Neutrophil,Dendritic,train
-9.2283,13.6114,Monocyte,Monocyte,train
-7.0433,14.3381,Monocyte,Monocyte,train
-1.407,-13.3158,Erythrocyte,Erythrocyte,train
-4.0784,-6.6145,Erythrocyte,Erythrocyte,test
-9.976,10.9524,Monocyte,Monocyte,test
-3.0734,-13.2439,Erythrocyte,Erythrocyte,train
2.8727,-21.4291,Erythrocyte,Erythrocyte,train
-17.3719,-6.1928,Neutrophil,Neutrophil,train
-9.5622,-8.4109,Dendritic,Dendritic,train
-3.8722,-6.1544,Erythrocyte,Erythrocyte,test
-12.1461,-0.3568,Neutrophil,Neutrophil,test
15.4241,-0.3382,T-cell,NK,train
18.358,0.8011,T-cell,NK,test
-11.2844,10.2564,Monocyte,Monocyte,train
17.0137,4.8386,T-cell,T-cell,train
-6.7268,-11.0207,Dendritic,Dendritic,train
-14.1039,-0.1434,Neutrophil,Neutrophil,test
13.1265,-6.8294,NK,NK,test
19.7844,4.737,B-cell,B-cell,train
-14.4228,-0.0623,Neutrophil,Neutrophil,train
2.3987,-13.1149,Erythrocyte,Erythrocyte,test
-8.6111,9.6278,Monocyte,Monocyte,train
-7.873,-9.5198,Dendritic,Dendritic,train
-10.4442,9.5297,Monocyte,Monocyte,test
20.1839,1.75,B-cell,B-cell,train
15.546,-6.4627,NK,B-cell,train
-6.4165,18.2962,Monocyte,Monocyte,train
16.1775,-1.5434,B-cell,B-cell,train
7.052,-10.8562,Platelet,Platelet,train
-12.4882,-10.4318,Dendritic,Dendritic,train
-19.5399,-2.6234,Neutrophil,Neutrophil,train
-15.1899,1.7634,Neutrophil,Neutrophil,train
-10.1529,9.0219,Monocyte,Monocyte,train
13.256,-1.8955,B-cell,B-cell,train
19.5454,5.5926,B-cell,B-cell,train
14.3414,-4.5142,B-cell,B-cell,train
15.7805,-1.5636,B-cell,B-cell,test
18.9579,4.6408,B-cell,B-cell,train
-0.2692,-9.9864,Erythrocyte,Erythrocyte,train
25.1098,11.1921,B-cell,B-cell,test
-12.6867,-0.85,Neutrophil,Neutrophil,train
15.1733,4.8474,T-cell,T-cell,train
14.6519,-4.1085,T-cell,T-cell,train
9.3556,-10.1996,Platelet,Platelet,train
23.0235,6.363,B-cell,B-cell,train
-17.395,-7.4717,Neutrophil,Neutrophil,test
-10.1197,-10.6542,Dendritic,Dendritic,train
9.7113,-11.7638,NK,NK,train
18.8474,3.1995,T-cell,T-cell,train
-7.7392,9.8682,Monocyte,Monocyte,train
-14.0829,0.8877,Neutrophil,Neutrophil,test
10.7208,-8.0087,T-cell,T-cell,train
-9.8193,7.6148,Monocyte,Monocyte,test
7.0818,-11.9553,Platelet,Platelet,train
-11.1289,-11.1962,Dendritic,Dendritic,train
-13.2951,-13.6385,Dendritic,Dendritic,train
19.8257,-2.5158,NK,T-cell,train
-8.3004,10.7894,Monocyte,Monocyte,train
-18.1147,1.074,Neutrophil,Neutrophil,test
22.5758,7.289,B-cell,B-cell,train
13.3864,-3.6971,B-cell,B-cell,test
13.1269,-4.1813,T-cell,T-cell,train
7.1017,-11.5919,Platelet,Platelet,train
11.4521,-2.8501,B-cell,T-cell,train
-3.9572,-3.3587,Dendritic,Dendritic,test
12.4569,-0.2916,T-cell,T-cell,test
17.0825,-7.2311,NK,NK,train
22.174,0.1806,B-cell,B-cell,test
11.5843,-4.334,NK,NK,test
13.1587,1.7468,T-cell,T-cell,train
-15.2865,3.2094,Neutrophil,Neutrophil,train
-16.5809,-0.2677,Neutrophil,Neutrophil,train
-9.4839,10.2905,Monocyte,Monocyte,train
-13.8233,-2.6669,Neutrophil,Neutrophil,train
-15.4658,-0.5101,Neutrophil,Neutrophil,test
17.0774,3.5692,B-cell,B-cell,train
17.7482,-0.0877,B-cell,B-cell,test
-11.0901,-10.1234,Dendritic,Monocyte,test
13.5645,-8.1716,T-cell,T-cell,train
13.6745,-0.2746,T-cell,T-cell,train
-10.9187,7.7956,Monocyte,Monocyte,train
20.1643,-7.8718,NK,NK,test
1.926,-9.4891,Erythrocyte,Erythrocyte,train
11.6952,-1.6721,B-cell,B-cell,test
17.5188,-2.4248,NK,B-cell,train
0.5818,-15.0698,Erythrocyte,Erythrocyte,test
-12.499,11.1438,Monocyte,Monocyte,train
10.948,-13.3463,Platelet,Platelet,test
14.4304,-0.758,T-cell,NK,test
-12.1045,9.395,Monocyte,Monocyte,train
