sample_id,y_true,y_pred,p_Normal,p_Pneumonia,p_Effusion,p_Nodule,p_Atelectasis,p_Cardiomegaly
0,Cardiomegaly,Cardiomegaly,0.13085,0.15039,0.01333,0.03172,0.0008,0.67291
1,Pneumonia,Pneumonia,0.0052,0.79435,0.05305,0.00598,0.12965,0.01177
2,Normal,Normal,0.8252,0.0455,0.0152,0.02252,0.01433,0.07726
3,Pneumonia,Pneumonia,0.00083,0.81602,0.16082,0.00255,0.00988,0.00989
4,Normal,Normal,0.92927,0.04146,0.0175,1e-05,0.00203,0.00974
5,Atelectasis,Atelectasis,0.00774,0.00468,0.00686,0.36488,0.5397,0.07614
6,Atelectasis,Atelectasis,0.04088,0.01068,0.18388,0.07911,0.67343,0.01202
7,Normal,Pneumonia,0.07499,0.91374,0.00397,2e-05,0.00346,0.00382
8,Cardiomegaly,Cardiomegaly,0.18218,0.00133,0.00533,0.02391,0.02249,0.76476
9,Effusion,Cardiomegaly,0.00047,0.00975,0.0206,0.00076,0.09489,0.87354
10,Normal,Normal,0.8859,0.02713,0.07836,0.00079,0.00254,0.00528
11,Pneumonia,Pneumonia,0.14172,0.59217,0.19985,0.01193,0.00935,0.04497
12,Pneumonia,Pneumonia,0.042,0.79432,0.01714,0.00262,0.13569,0.00823
13,Atelectasis,Effusion,0.00149,0.00655,0.69047,0.13004,0.16853,0.00293
14,Normal,Normal,0.90823,0.0058,0.00358,0.02223,0.05208,0.00807
15,Cardiomegaly,Cardiomegaly,0.15642,0.00438,0.05887,0.02632,0.039,0.71501
16,Effusion,Effusion,0.07911,0.00711,0.64951,0.01471,0.01544,0.23412
17,Cardiomegaly,Normal,0.7551,0.04599,0.00052,0.06406,0.03193,0.10241
18,Normal,Effusion,0.0094,0.04405,0.9015,0.00764,0.0314,0.00601
19,Cardiomegaly,Cardiomegaly,0.04802,0.01484,0.03905,0.00038,0.01198,0.88573
20,Normal,Normal,0.91782,0.05918,0.00334,0.01779,8e-05,0.0018
21,Effusion,Effusion,0.00492,0.01288,0.81771,0.03143,0.1281,0.00496
22,Normal,Normal,0.70339,0.11297,5e-05,0.09589,4e-05,0.08766
23,Effusion,Effusion,0.00137,0.00118,0.89594,0.01494,0.07541,0.01115
24,Effusion,Effusion,0.00091,0.08235,0.75623,0.02292,0.08438,0.0532
25,Pneumonia,Pneumonia,0.0007,0.88417,0.0411,0.02606,0.0477,0.00026
26,Pneumonia,Pneumonia,0.01344,0.66533,0.07634,0.05129,0.19237,0.00123
27,Normal,Normal,0.79521,0.13584,0.01611,0.00296,0.00582,0.04406
28,Normal,Normal,0.94464,0.00559,0.00545,0.0003,0.01393,0.03009
29,Cardiomegaly,Cardiomegaly,0.12208,0.0586,0.00256,0.00256,0.07924,0.73497
30,Pneumonia,Pneumonia,0.00835,0.85585,0.07386,0.02739,0.03426,0.0003
31,Cardiomegaly,Cardiomegaly,0.05898,0.01799,0.03865,0.00175,0.00756,0.87507
32,Effusion,Nodule,0.05934,0.08086,0.00985,0.7511,0.09878,7e-05
33,Atelectasis,Effusion,0.02425,0.00053,0.47299,0.32496,0.1448,0.03247
34,Pneumonia,Pneumonia,0.02506,0.9295,0.0153,0.00039,0.02897,0.00078
35,Normal,Normal,0.85024,0.085,0.02997,0.02146,0.00146,0.01187
36,Cardiomegaly,Cardiomegaly,0.05533,0.04128,0.05504,0.00793,0.02372,0.8167
37,Cardiomegaly,Cardiomegaly,0.13197,0.00348,0.05801,0.01871,0.00027,0.78755
38,Normal,Normal,0.742,0.22037,0.00141,0.01808,1e-05,0.01813
39,Atelectasis,Nodule,0.0,0.01316,0.07143,0.71145,0.18831,0.01565
40,Nodule,Nodule,0.00309,0.04468,0.00179,0.83377,0.0886,0.02806
41,Pneumonia,Pneumonia,0.05274,0.81447,0.03489,0.02799,0.06068,0.00923
42,Normal,Normal,0.9079,0.04804,0.00386,0.0041,0.02902,0.00708
43,Normal,Normal,0.92927,0.022,1e-05,0.0014,0.00998,0.03734
44,Cardiomegaly,Cardiomegaly,0.04037,0.04518,0.00288,0.00719,0.00236,0.90201
45,Normal,Normal,0.83489,0.03091,0.07425,0.01625,0.0403,0.0034
46,Atelectasis,Atelectasis,0.00032,0.02844,0.09929,0.17727,0.67651,0.01817
47,Pneumonia,Pneumonia,0.00029,0.93059,0.03499,0.02219,0.0095,0.00244
48,Atelectasis,Effusion,0.04956,0.02341,0.52349,0.14503,0.11919,0.13932
49,Atelectasis,Nodule,0.0126,0.0694,0.13534,0.64429,0.11806,0.02031
50,Normal,Normal,0.85948,0.0051,0.01102,9e-05,0.08897,0.03533
51,Normal,Normal,0.83382,0.02105,0.0158,0.01909,0.09615,0.01409
52,Normal,Pneumonia,0.04659,0.85105,0.03446,0.04687,0.02067,0.00036
53,Effusion,Effusion,0.00796,0.00032,0.76418,0.03093,0.15749,0.03912
54,Effusion,Effusion,0.0103,0.0,0.86262,0.00044,0.10987,0.01677
55,Cardiomegaly,Cardiomegaly,0.10375,0.02956,0.01724,0.0309,0.00624,0.81232
56,Effusion,Effusion,0.01405,0.00077,0.86798,0.01154,0.07734,0.02832
57,Atelectasis,Atelectasis,0.01558,0.0766,0.11268,0.12901,0.62234,0.04379
58,Cardiomegaly,Cardiomegaly,0.05842,0.01124,0.00171,0.03543,0.022,0.87119
59,Normal,Normal,0.75502,0.118,0.01654,0.03443,0.01753,0.05848
60,Atelectasis,Atelectasis,0.00248,0.02379,0.03052,0.22219,0.7063,0.01472
61,Nodule,Nodule,0.00121,0.00241,1e-05,0.91148,0.08249,0.00239
62,Normal,Normal,0.84159,0.03554,0.00031,0.03835,0.06136,0.02284
63,Atelectasis,Atelectasis,0.01673,0.00964,0.08365,0.09866,0.74764,0.04369
64,Normal,Normal,0.876,0.02038,0.01604,0.04722,0.03528,0.00509
65,Normal,Normal,0.89493,0.03832,0.01409,0.03911,0.00133,0.01223
66,Cardiomegaly,Cardiomegaly,0.04009,2e-05,0.00878,0.08724,0.00351,0.86036
67,Nodule,Nodule,0.00311,0.00445,0.05904,0.86263,0.05839,0.01237
68,Normal,Pneumonia,0.09309,0.83959,0.00255,0.00265,0.00626,0.05586
69,Effusion,Effusion,0.15165,0.00548,0.61686,0.03092,0.12909,0.066
70,Atelectasis,Nodule,0.01289,0.11812,0.0921,0.696,0.07725,0.00363
71,Normal,Normal,0.96802,0.02025,3e-05,0.00012,0.00029,0.01129
72,Normal,Normal,0.61815,0.06456,0.00827,0.12835,0.10763,0.07305
73,Normal,Atelectasis,0.0081,0.04058,0.08438,0.03137,0.83527,0.00029
74,Effusion,Effusion,0.03325,7e-05,0.80986,0.02154,0.08114,0.05414
75,Nodule,Nodule,0.05938,0.02209,0.01058,0.6143,0.28733,0.00633
76,Normal,Pneumonia,0.13159,0.80062,0.00581,0.01517,0.04609,0.00072
77,Normal,Normal,0.63715,0.07777,0.23337,0.00457,0.02482,0.02232
78,Normal,Pneumonia,0.03875,0.88809,0.02205,0.01753,0.00964,0.02393
79,Normal,Normal,0.64292,0.03563,0.01475,0.27579,0.0309,1e-05
80,Pneumonia,Pneumonia,0.13408,0.58323,0.15945,0.00292,0.00816,0.11216
81,Normal,Normal,0.89969,0.05972,0.00815,0.00432,0.00078,0.02735
82,Atelectasis,Atelectasis,0.00011,0.00656,0.01503,0.09498,0.88298,0.00034
83,Cardiomegaly,Cardiomegaly,0.05199,0.04457,0.0179,0.00124,0.00109,0.8832
84,Nodule,Nodule,0.07809,0.09421,0.00044,0.80977,0.01543,0.00205
85,Nodule,Nodule,0.05059,0.06305,0.00532,0.80906,0.06616,0.00582
86,Atelectasis,Atelectasis,0.03067,0.08166,0.01366,0.20205,0.5844,0.08756
87,Cardiomegaly,Cardiomegaly,0.08933,0.02882,0.01562,0.12948,0.01668,0.72007
88,Effusion,Effusion,0.0018,0.06044,0.79001,1e-05,0.1476,0.00014
89,Effusion,Effusion,0.06344,0.021,0.80629,0.00225,0.10379,0.00324
90,Cardiomegaly,Cardiomegaly,0.10072,0.06774,0.00229,0.02283,0.00044,0.80598
91,Pneumonia,Pneumonia,0.05008,0.83162,0.00668,0.01004,3e-05,0.10155
92,Normal,Pneumonia,0.11162,0.75091,0.02957,0.01432,0.07885,0.01474
93,Cardiomegaly,Normal,0.71505,0.00112,0.03524,0.01334,0.04102,0.19422
94,Normal,Nodule,0.15891,0.01663,0.06244,0.76061,0.00058,0.00083
95,Nodule,Nodule,0.01856,0.19897,0.02776,0.63486,0.11928,0.00056
96,Pneumonia,Pneumonia,0.0157,0.83496,0.07584,0.00059,0.0723,0.00061
97,Effusion,Effusion,0.06902,0.00311,0.90129,0.00121,0.02282,0.00255
98,Normal,Nodule,4e-05,0.0316,0.00017,0.88007,0.08546,0.00265
99,Normal,Cardiomegaly,0.00224,0.0629,0.00216,0.0058,0.01551,0.91138
100,Normal,Normal,0.82125,0.03717,0.03225,0.07789,0.01452,0.01692
101,Nodule,Nodule,0.00568,0.00384,0.00044,0.85165,0.1136,0.02479
102,Normal,Normal,0.84214,0.07623,0.0042,0.05451,0.00212,0.02081
103,Effusion,Effusion,3e-05,0.00023,0.84316,0.02891,0.12533,0.00233
104,Atelectasis,Nodule,0.00676,0.02161,0.04192,0.82755,0.09319,0.00897
105,Nodule,Nodule,0.001,0.00551,0.01585,0.61714,0.36048,2e-05
106,Normal,Normal,0.72739,0.00089,0.07762,0.00012,0.14473,0.04925
107,Pneumonia,Pneumonia,0.06451,0.73492,0.06542,0.05087,0.04196,0.04232
108,Normal,Normal,0.77813,0.04713,0.01461,0.14278,0.0164,0.00095
109,Normal,Normal,0.91483,0.04747,0.01055,0.00978,0.00131,0.01606
110,Normal,Normal,0.81028,0.04519,0.03156,0.05472,0.05407,0.00419
111,Nodule,Nodule,0.00817,0.00023,0.00546,0.66233,0.188,0.13581
112,Normal,Normal,0.8596,0.06708,0.00432,0.01084,0.05528,0.00288
113,Atelectasis,Atelectasis,0.00013,0.00177,0.17625,0.14576,0.66627,0.00982
114,Normal,Normal,0.82282,0.02223,0.01656,0.0004,0.03014,0.10785
115,Pneumonia,Pneumonia,7e-05,0.81747,0.05156,0.02646,0.00492,0.09951
116,Cardiomegaly,Cardiomegaly,0.0758,0.0,1e-05,0.02926,0.00049,0.89444
117,Atelectasis,Atelectasis,0.01474,0.0166,0.05667,0.21524,0.5803,0.11644
118,Normal,Normal,0.87959,0.01767,0.07339,0.01393,0.00678,0.00863
119,Effusion,Atelectasis,0.09299,0.0255,0.0412,0.00146,0.8296,0.00926
120,Normal,Normal,0.51796,0.29866,0.00534,0.16281,0.01468,0.00055
121,Atelectasis,Nodule,0.00877,0.07818,0.02816,0.79529,0.06352,0.02609
122,Normal,Normal,0.88638,0.02267,0.00193,0.00073,0.02543,0.06287
123,Normal,Normal,0.7923,0.0401,0.08556,0.00921,0.00774,0.06508
124,Effusion,Atelectasis,0.03547,0.01298,0.12193,0.0358,0.7866,0.00722
125,Normal,Normal,0.80062,0.11492,0.07621,0.00595,0.0022,0.0001
126,Nodule,Nodule,0.00717,0.07732,0.14299,0.52428,0.22459,0.02364
127,Nodule,Nodule,0.09624,0.08562,0.00872,0.76471,0.04463,8e-05
128,Normal,Normal,0.90434,0.02918,0.00303,0.00861,0.03992,0.01491
129,Pneumonia,Pneumonia,0.00816,0.69123,0.2954,0.00124,0.0001,0.00387
130,Nodule,Nodule,0.03775,0.01857,0.09917,0.79168,0.0459,0.00694
131,Pneumonia,Pneumonia,0.00247,0.71551,0.05332,0.17716,0.01807,0.03347
132,Normal,Normal,0.79025,0.03104,0.07314,0.00063,0.03566,0.06928
133,Normal,Normal,0.82512,0.05906,0.0702,0.0257,0.00635,0.01357
134,Atelectasis,Nodule,0.0001,0.02808,0.02463,0.72748,0.21912,0.00059
135,Effusion,Effusion,0.01179,0.00017,0.81271,0.02403,0.14782,0.00347
136,Atelectasis,Atelectasis,0.00345,0.00349,0.3231,0.0829,0.58688,0.00018
137,Normal,Normal,0.72216,0.24975,0.01741,0.00776,0.00204,0.00089
138,Atelectasis,Atelectasis,0.04909,0.03947,0.11951,0.09077,0.67455,0.02662
139,Effusion,Effusion,0.01795,0.03775,0.70961,0.0005,0.21181,0.02239
140,Pneumonia,Pneumonia,0.00092,0.75432,0.13365,0.08727,5e-05,0.02379
141,Nodule,Nodule,0.01846,0.06067,0.0004,0.77385,0.14341,0.0032
142,Pneumonia,Pneumonia,0.0,0.87706,0.06811,0.01842,0.00929,0.02712
143,Nodule,Normal,0.88073,0.02758,2e-05,0.00012,0.09075,0.0008
144,Atelectasis,Atelectasis,0.04276,0.01489,0.22281,0.08896,0.54866,0.08192
145,Pneumonia,Normal,0.88159,0.00192,0.10273,0.00282,0.00957,0.00136
146,Effusion,Nodule,0.00262,0.00354,0.00876,0.97801,0.00645,0.00061
147,Atelectasis,Atelectasis,2e-05,0.0441,0.08911,0.16074,0.60997,0.09606
148,Atelectasis,Nodule,0.022,0.08235,0.0212,0.77705,0.08992,0.00749
149,Normal,Normal,0.82463,0.00524,0.00788,0.15763,0.00462,0.0
150,Normal,Normal,0.94101,0.02402,0.00871,0.00235,0.0087,0.0152
151,Normal,Normal,0.61844,0.17641,0.00406,0.00028,0.03475,0.16606
152,Pneumonia,Pneumonia,0.00501,0.88623,0.05175,0.01121,0.01171,0.03409
153,Atelectasis,Atelectasis,0.0644,0.01823,0.05672,0.13071,0.71575,0.01419
154,Effusion,Effusion,0.08421,0.00033,0.77686,0.06422,0.07292,0.00145
155,Cardiomegaly,Normal,0.95396,0.00188,0.03576,0.0013,0.00061,0.00649
156,Cardiomegaly,Cardiomegaly,0.1081,0.00396,0.00204,3e-05,0.02325,0.86263
157,Normal,Normal,0.9409,0.00661,0.02867,0.02282,0.001,0.0
158,Atelectasis,Atelectasis,0.01861,0.00081,0.09523,0.16766,0.66998,0.04771
159,Normal,Normal,0.83424,0.09728,0.00042,0.01528,0.05126,0.00152
160,Cardiomegaly,Cardiomegaly,0.00514,0.03388,0.02486,0.08344,0.11979,0.73289
161,Pneumonia,Pneumonia,0.00507,0.86029,0.0274,0.02202,0.00589,0.07933
162,Pneumonia,Pneumonia,0.00149,0.85374,0.0267,0.08264,0.01654,0.01889
163,Effusion,Effusion,0.0094,0.0003,0.69465,0.07686,0.19714,0.02165
164,Effusion,Effusion,0.02526,0.03911,0.864,0.01773,0.04506,0.00884
165,Pneumonia,Pneumonia,0.00551,0.83686,0.08638,0.02609,0.00029,0.04488
166,Cardiomegaly,Cardiomegaly,0.05988,0.01959,0.00136,0.10432,0.02799,0.78687
167,Cardiomegaly,Normal,0.87086,0.00178,0.0818,0.01072,0.00525,0.02959
168,Atelectasis,Atelectasis,0.03908,0.018,0.11212,0.03072,0.79999,9e-05
169,Atelectasis,Atelectasis,0.01884,0.07123,0.13342,0.12505,0.64861,0.00284
170,Effusion,Effusion,0.01924,0.01202,0.83661,0.03609,0.06877,0.02728
171,Effusion,Effusion,5e-05,0.01047,0.91369,0.00365,0.06469,0.00744
172,Effusion,Atelectasis,0.01744,0.00897,0.13526,0.06172,0.7677,0.00891
173,Pneumonia,Pneumonia,0.00667,0.89077,0.06075,0.00017,0.03334,0.00831
174,Normal,Normal,0.94965,0.0165,0.00011,0.00996,0.02069,0.00309
175,Pneumonia,Pneumonia,0.09931,0.68125,0.0313,0.0623,0.12035,0.0055
176,Pneumonia,Pneumonia,0.00709,0.85836,0.05452,0.0075,0.06444,0.0081
177,Nodule,Nodule,0.04119,0.01257,0.02769,0.67276,0.2292,0.01659
178,Normal,Normal,0.89457,0.01295,0.00059,0.00478,0.00528,0.08183
179,Normal,Normal,0.85932,0.02178,0.10265,0.00042,0.01493,0.0009
180,Atelectasis,Atelectasis,0.04157,0.00817,0.07534,0.09637,0.75371,0.02485
181,Normal,Normal,0.91028,0.03433,0.00549,0.02295,0.02231,0.00464
182,Effusion,Effusion,0.04728,0.00111,0.85053,0.00298,0.08715,0.01096
183,Effusion,Effusion,0.0302,0.00462,0.75811,0.03373,0.1718,0.00154
184,Atelectasis,Atelectasis,0.01921,0.06033,0.11937,0.01482,0.771,0.01527
185,Effusion,Effusion,0.09338,0.00737,0.62912,0.01933,0.14401,0.1068
186,Normal,Normal,0.89108,0.0031,0.08536,0.0096,0.00035,0.01049
187,Pneumonia,Atelectasis,0.01353,0.02985,0.00728,0.00165,0.86795,0.07972
188,Normal,Normal,0.77128,0.05587,0.03086,0.08976,0.0274,0.02484
189,Normal,Effusion,0.01946,0.00719,0.85584,0.06531,0.00906,0.04315
190,Effusion,Effusion,0.01064,0.01515,0.72516,0.00133,0.24754,0.00017
191,Normal,Normal,0.9459,0.0086,0.01552,0.01457,0.00082,0.0146
192,Atelectasis,Atelectasis,0.15582,4e-05,0.04558,0.27354,0.5243,0.00072
193,Pneumonia,Pneumonia,0.03073,0.83326,0.07517,0.04579,0.00856,0.00649
194,Cardiomegaly,Nodule,0.00425,4e-05,0.00179,0.84232,0.06953,0.08208
195,Cardiomegaly,Cardiomegaly,0.05254,0.04524,0.0066,0.0301,0.00117,0.86435
196,Nodule,Nodule,0.01302,0.0367,0.00087,0.74392,0.13177,0.07372
197,Effusion,Effusion,0.07586,0.00415,0.82018,0.00848,0.06772,0.0236
198,Atelectasis,Effusion,0.02531,0.01303,0.86751,0.02871,0.06477,0.00067
199,Effusion,Effusion,0.0733,0.07352,0.71496,0.04315,0.08672,0.00835
200,Effusion,Effusion,0.00252,0.03624,0.78197,0.04582,0.11905,0.01439
201,Normal,Normal,0.91447,0.0143,0.00033,8e-05,0.01418,0.05663
202,Pneumonia,Pneumonia,0.01891,0.82225,0.14289,0.01023,1e-05,0.00572
203,Normal,Normal,0.96082,0.02844,3e-05,0.0074,0.00289,0.00041
204,Normal,Normal,0.71058,0.10293,0.02988,0.04958,0.00248,0.10455
205,Atelectasis,Atelectasis,0.00062,0.05049,0.07887,0.21141,0.65386,0.00475
206,Normal,Normal,0.8107,0.02244,0.02332,0.05663,0.02936,0.05754
207,Pneumonia,Pneumonia,0.01577,0.84341,0.12314,0.01309,0.00446,0.00013
208,Nodule,Nodule,0.02306,0.00136,0.08006,0.72675,0.16823,0.00053
209,Normal,Normal,0.88398,0.00108,0.00098,0.00062,0.10366,0.00969
210,Atelectasis,Atelectasis,0.18196,0.0037,0.25472,0.14123,0.39464,0.02374
211,Effusion,Effusion,0.00925,6e-05,0.82692,0.01841,0.09583,0.04953
212,Nodule,Nodule,0.0038,0.00199,0.00713,0.59501,0.16551,0.22656
213,Atelectasis,Effusion,0.01486,0.01596,0.71766,0.08601,0.11458,0.05092
214,Atelectasis,Atelectasis,0.00146,0.00814,0.0753,0.0506,0.83946,0.02505
215,Normal,Normal,0.98568,0.00397,0.00075,0.0017,0.00022,0.00768
216,Normal,Normal,0.90862,0.00698,0.00163,0.06708,0.01235,0.00333
217,Normal,Normal,0.7014,0.07932,0.02938,1e-05,0.00101,0.18889
218,Pneumonia,Pneumonia,0.02227,0.74076,0.02323,0.14613,0.01883,0.04878
219,Pneumonia,Pneumonia,0.00741,0.86863,0.0482,0.00931,0.02428,0.04217
220,Normal,Normal,0.84494,0.06955,0.00201,0.00376,0.00361,0.07612
221,Nodule,Nodule,0.02585,0.12127,0.00022,0.7417,0.06225,0.04871
222,Cardiomegaly,Cardiomegaly,0.03386,0.00017,0.06163,0.00313,0.02392,0.8773
223,Pneumonia,Pneumonia,0.0128,0.60454,0.37371,0.00072,0.00026,0.00797
224,Nodule,Atelectasis,0.05657,0.13144,2e-05,0.11206,0.69612,0.00378
225,Effusion,Effusion,0.06589,0.01568,0.81789,0.02465,0.07288,0.00302
226,Normal,Normal,0.73472,0.16804,0.00143,0.06299,0.00292,0.0299
227,Pneumonia,Pneumonia,0.04241,0.85067,0.00786,0.01787,0.00022,0.08097
228,Effusion,Effusion,0.00038,0.00791,0.8993,0.00262,0.08573,0.00406
229,Cardiomegaly,Cardiomegaly,0.02362,0.02702,0.00326,0.02397,0.00284,0.91929
230,Pneumonia,Pneumonia,0.00015,0.83669,0.14166,0.00273,0.01054,0.00823
231,Normal,Normal,0.81965,0.04071,0.04615,0.0181,0.04497,0.03041
232,Normal,Normal,0.947,0.00794,0.01376,0.00134,0.01855,0.01141
233,Pneumonia,Pneumonia,0.14595,0.64556,0.12278,0.01212,0.04892,0.02466
234,Normal,Normal,0.84678,0.01499,0.03064,0.0035,0.02703,0.07706
235,Effusion,Effusion,4e-05,0.00532,0.72355,0.00825,0.18392,0.07891
236,Nodule,Nodule,0.00023,0.07231,0.00664,0.81552,0.10092,0.00439
237,Effusion,Effusion,0.00827,0.03169,0.77588,0.0465,0.12016,0.01751
238,Pneumonia,Pneumonia,0.00408,0.83897,0.01151,0.08138,0.02687,0.03718
239,Normal,Normal,0.9541,0.00513,0.00834,0.00388,0.02153,0.00703
240,Normal,Nodule,0.00143,0.04398,0.00684,0.83509,0.01834,0.09432
241,Normal,Normal,0.85208,0.03002,0.0101,0.00244,0.0098,0.09557
242,Effusion,Effusion,0.01455,0.01575,0.76732,0.06137,0.13057,0.01044
243,Cardiomegaly,Cardiomegaly,0.02846,0.00119,0.00911,0.03984,0.0,0.9214
244,Nodule,Atelectasis,0.0042,0.05831,3e-05,0.15191,0.78505,0.0005
245,Cardiomegaly,Cardiomegaly,0.02606,0.01809,0.06585,0.00304,0.04469,0.84227
246,Effusion,Effusion,0.05022,0.04939,0.87155,0.01418,0.01245,0.0022
247,Normal,Normal,0.75761,0.14643,0.01917,0.00016,0.07644,0.00018
248,Pneumonia,Pneumonia,0.0168,0.64536,0.28422,0.00782,0.01224,0.03356
249,Cardiomegaly,Cardiomegaly,0.07544,0.0032,0.00575,0.00509,0.05448,0.85604
250,Normal,Normal,0.79016,0.1196,0.00097,0.07709,0.00806,0.00412
251,Pneumonia,Pneumonia,0.01994,0.93387,0.02983,0.00463,0.00097,0.01076
252,Effusion,Effusion,0.0,0.00045,0.87959,0.00047,0.0724,0.04708
253,Normal,Normal,0.78063,0.10421,0.00218,0.06587,0.03381,0.0133
254,Normal,Normal,0.89934,0.06639,0.02583,0.00226,0.00573,0.00045
255,Cardiomegaly,Cardiomegaly,0.09278,0.02372,0.00479,0.01941,0.01524,0.84407
256,Pneumonia,Effusion,0.06782,0.03831,0.78639,0.06551,0.02575,0.01622
257,Atelectasis,Atelectasis,0.00743,0.05093,0.10827,0.10882,0.71622,0.00833
258,Pneumonia,Pneumonia,0.05268,0.79649,0.13572,0.00295,0.0097,0.00246
259,Cardiomegaly,Cardiomegaly,0.05625,0.00579,0.00508,0.00555,0.001,0.92633
260,Nodule,Nodule,0.00012,0.17282,0.05193,0.58363,0.17785,0.01365
261,Cardiomegaly,Cardiomegaly,0.3359,0.01225,0.07713,0.00528,0.001,0.56845
262,Nodule,Normal,0.81886,0.00095,0.00771,0.02265,0.14024,0.00958
263,Pneumonia,Pneumonia,0.01502,0.75475,0.06482,0.05954,0.07289,0.03298
264,Cardiomegaly,Cardiomegaly,0.22298,0.01445,0.03892,0.0087,0.06279,0.65216
265,Effusion,Effusion,0.00658,0.03872,0.70938,0.11727,0.1142,0.01385
266,Normal,Normal,0.64882,0.32247,0.01071,0.00429,0.0113,0.0024
267,Normal,Normal,0.85191,0.01788,0.00642,0.02334,0.05441,0.04603
268,Atelectasis,Atelectasis,0.00713,0.00062,0.15593,0.142,0.687,0.00732
269,Atelectasis,Atelectasis,0.04252,0.03028,0.0671,0.30725,0.51906,0.0338
270,Normal,Normal,0.88832,0.02743,0.0808,0.00144,0.00094,0.00108
271,Pneumonia,Pneumonia,0.01743,0.91587,0.06189,0.00052,0.00035,0.00395
272,Normal,Normal,0.78581,0.03402,0.00148,0.16809,0.01054,6e-05
273,Effusion,Effusion,0.03266,0.0051,0.71069,0.00421,0.22441,0.02293
274,Nodule,Nodule,0.00973,0.00152,0.00346,0.90283,0.07748,0.00498
275,Pneumonia,Pneumonia,0.01615,0.77777,0.062,3e-05,0.06554,0.07852
276,Normal,Normal,0.88754,0.01224,0.01982,0.00919,0.07006,0.00115
277,Effusion,Effusion,0.00255,0.01804,0.76936,0.06755,0.14249,1e-05
278,Normal,Normal,0.80125,0.10405,0.01012,0.02004,0.0534,0.01114
279,Pneumonia,Pneumonia,0.00024,0.92537,0.06376,0.00169,0.00474,0.00421
280,Cardiomegaly,Cardiomegaly,0.09855,0.00155,0.1519,0.14468,0.03087,0.57245
281,Normal,Normal,0.7681,0.0197,0.00063,0.07537,0.00069,0.1355
282,Normal,Normal,0.7893,0.07275,0.09534,0.00981,0.02372,0.00908
283,Normal,Normal,0.83766,0.00316,0.00543,0.00307,0.00355,0.14713
284,Normal,Normal,0.91192,0.06378,0.00102,9e-05,0.0208,0.00239
285,Nodule,Nodule,0.00498,0.00213,0.00831,0.60651,0.30065,0.07742
286,Normal,Normal,0.82614,0.02184,0.00618,0.0439,0.08567,0.01627
287,Normal,Atelectasis,0.02411,0.06069,0.05596,0.00495,0.84643,0.00787
288,Atelectasis,Cardiomegaly,0.01598,0.02968,0.08305,0.17895,0.06473,0.62761
289,Effusion,Effusion,0.05184,0.00255,0.82997,0.00079,0.05359,0.06125
290,Nodule,Atelectasis,0.00707,0.07499,0.00035,0.09044,0.82398,0.00318
291,Effusion,Effusion,0.03444,0.0,0.63825,0.03939,0.21058,0.07733
292,Nodule,Nodule,0.04652,0.05218,0.00023,0.63178,0.26515,0.00413
293,Atelectasis,Atelectasis,0.00121,0.00034,0.07971,0.07718,0.83553,0.00603
294,Normal,Normal,0.88653,0.00673,0.00585,0.04674,0.04649,0.00766
295,Nodule,Nodule,0.03638,0.01488,0.0126,0.7997,0.13144,0.00501
296,Pneumonia,Pneumonia,0.05073,0.56018,0.02375,0.22425,0.10301,0.03808
297,Effusion,Nodule,0.07494,0.04444,0.02129,0.82411,0.01462,0.02059
298,Effusion,Effusion,0.00629,0.02896,0.87914,0.02029,0.04872,0.0166
299,Normal,Normal,0.7042,0.0343,0.06503,1e-05,0.06785,0.12861
300,Pneumonia,Effusion,0.00264,0.07534,0.72647,0.08359,0.004,0.10796
301,Nodule,Nodule,0.01134,0.01237,0.02052,0.79581,0.15994,2e-05
302,Normal,Effusion,0.00275,0.0424,0.86581,0.00642,0.00627,0.07634
303,Nodule,Nodule,0.00054,0.01124,0.0355,0.76396,0.12943,0.05933
304,Atelectasis,Nodule,0.05936,0.00254,0.02262,0.78039,0.12532,0.00978
305,Effusion,Effusion,0.00439,0.00627,0.92226,0.00647,0.05806,0.00256
306,Nodule,Nodule,0.00048,0.04687,0.00938,0.69685,0.22166,0.02477
307,Atelectasis,Atelectasis,1e-05,0.02455,0.0837,0.26347,0.59111,0.03718
308,Nodule,Nodule,0.0311,0.00381,0.00299,0.60841,0.35355,0.00014
309,Cardiomegaly,Cardiomegaly,0.08142,0.04685,0.00053,0.04212,0.00111,0.82796
310,Normal,Normal,0.8737,0.04041,0.08543,1e-05,0.00033,0.00011
311,Normal,Normal,0.82378,0.03711,0.00286,0.07411,0.01928,0.04285
312,Normal,Normal,0.81841,0.10915,1e-05,7e-05,0.00933,0.06303
313,Normal,Normal,0.85393,0.03641,0.00506,0.04813,0.00544,0.05103
314,Atelectasis,Atelectasis,0.0029,0.01225,0.0733,0.11716,0.78935,0.00504
315,Nodule,Nodule,0.01791,0.00834,0.05553,0.87802,0.01393,0.02626
316,Nodule,Nodule,0.01179,0.00782,0.03055,0.85956,0.05332,0.03696
317,Normal,Normal,0.8504,0.04655,0.01297,0.02064,0.01692,0.05251
318,Normal,Normal,0.9006,0.03321,0.02295,0.02697,0.01322,0.00305
319,Atelectasis,Atelectasis,0.00305,0.04882,0.22317,0.03342,0.69148,6e-05
320,Nodule,Atelectasis,0.02439,0.04751,0.00534,0.1858,0.65532,0.08164
321,Normal,Normal,0.86611,0.0572,0.0378,0.02327,0.01555,7e-05
322,Atelectasis,Atelectasis,0.02015,0.0053,0.01541,0.20941,0.72622,0.02351
323,Nodule,Nodule,0.00935,0.02075,0.03735,0.72286,0.09468,0.11501
324,Nodule,Nodule,0.00332,0.11154,0.00016,0.71751,0.12735,0.04011
325,Normal,Normal,0.82238,0.10902,0.00274,0.00388,0.05424,0.00775
326,Normal,Normal,0.65306,0.21044,0.00865,0.07483,0.05292,0.0001
327,Nodule,Nodule,0.00119,0.02788,0.02306,0.87758,0.04625,0.02403
328,Normal,Normal,0.80339,0.00363,0.0199,0.15019,0.00307,0.01981
329,Cardiomegaly,Cardiomegaly,0.01146,0.04413,7e-05,0.02423,0.02979,0.89031
330,Normal,Normal,0.64954,0.0869,0.03008,0.08692,0.1354,0.01117
331,Atelectasis,Atelectasis,0.04675,0.00042,0.18384,0.21781,0.5439,0.00728
332,Effusion,Pneumonia,0.02402,0.86155,0.04356,0.0072,0.05225,0.01141
333,Atelectasis,Atelectasis,0.01814,0.0041,0.15843,0.13705,0.67162,0.01067
334,Pneumonia,Pneumonia,0.00059,0.89363,0.01597,0.03029,0.02113,0.0384
335,Pneumonia,Pneumonia,0.03612,0.84029,0.01022,0.02835,0.07857,0.00646
336,Atelectasis,Atelectasis,0.00817,0.00183,0.0678,0.09457,0.82587,0.00176
337,Normal,Normal,0.78954,0.0661,0.05763,0.03243,0.00022,0.05408
338,Pneumonia,Pneumonia,0.04665,0.8494,0.00433,0.00831,0.03387,0.05745
339,Effusion,Effusion,0.00013,0.08186,0.69687,0.03018,0.16231,0.02864
340,Normal,Pneumonia,0.00173,0.95601,0.02632,0.0057,9e-05,0.01015
341,Normal,Normal,0.83263,0.03854,0.00075,0.11589,0.00497,0.00722
342,Pneumonia,Nodule,0.02376,0.06766,0.19051,0.70062,0.01302,0.00444
343,Nodule,Nodule,0.0023,0.00016,0.00089,0.71691,0.24749,0.03224
344,Pneumonia,Pneumonia,0.00415,0.6994,0.18113,0.03462,0.02186,0.05884
345,Atelectasis,Atelectasis,0.00483,0.00402,0.06954,0.13186,0.75954,0.03021
346,Effusion,Effusion,0.01522,0.06605,0.72342,0.07243,0.09431,0.02856
347,Nodule,Nodule,0.09235,0.0039,0.0078,0.6991,0.16938,0.02745
348,Effusion,Effusion,0.01662,6e-05,0.84336,0.00911,0.11497,0.01588
349,Nodule,Nodule,0.01738,0.0216,0.00364,0.71335,0.21182,0.03221
350,Effusion,Effusion,0.0311,0.14193,0.7323,0.02146,0.06911,0.00409
351,Pneumonia,Pneumonia,0.0003,0.94214,0.04934,0.00526,0.00103,0.00193
352,Nodule,Nodule,0.00188,0.01624,0.00563,0.91585,0.0202,0.04019
353,Cardiomegaly,Cardiomegaly,0.03424,0.00113,2e-05,0.06158,0.10193,0.80111
354,Cardiomegaly,Cardiomegaly,0.13076,7e-05,0.01058,0.07343,0.00462,0.78054
355,Normal,Normal,0.76938,0.02737,0.00176,0.06829,0.01579,0.1174
356,Nodule,Nodule,0.10055,0.01061,0.16481,0.68841,0.02802,0.0076
357,Effusion,Effusion,0.03687,0.0586,0.74724,0.00091,0.13823,0.01816
358,Nodule,Nodule,0.00388,0.04399,0.00408,0.77092,0.15341,0.02372
359,Atelectasis,Nodule,0.00146,0.01726,0.0649,0.84109,0.06311,0.01218
360,Cardiomegaly,Cardiomegaly,0.02978,0.01641,1e-05,0.01035,0.01357,0.92988
361,Atelectasis,Atelectasis,0.01393,0.0231,0.08956,0.13061,0.71812,0.02469
362,Cardiomegaly,Cardiomegaly,0.11821,0.07749,0.00871,0.03501,0.00034,0.76023
363,Pneumonia,Pneumonia,1e-05,0.84835,0.09559,0.03803,0.00518,0.01284
364,Atelectasis,Atelectasis,0.01463,0.00137,0.01606,0.11668,0.79769,0.05356
365,Normal,Normal,0.77675,0.02238,0.00436,0.02078,0.11365,0.06207
366,Normal,Normal,0.78788,0.03706,0.05205,0.00028,0.00714,0.11558
367,Normal,Normal,0.77737,0.17041,0.00639,0.00079,0.00585,0.03919
368,Nodule,Atelectasis,0.0168,0.0,0.0074,0.07974,0.88745,0.0086
369,Pneumonia,Pneumonia,0.00939,0.65443,0.26578,0.00168,0.06666,0.00207
370,Atelectasis,Atelectasis,0.05876,0.00179,0.15989,0.14735,0.61271,0.0195
371,Effusion,Effusion,0.01245,0.03875,0.7461,0.05657,0.10302,0.04311
372,Normal,Normal,0.78627,0.00095,0.06112,0.01427,0.0007,0.13668
373,Normal,Normal,0.81397,0.10272,0.00498,0.03364,0.01841,0.02628
374,Atelectasis,Atelectasis,0.00024,0.04498,0.15831,0.08262,0.70012,0.01372
375,Effusion,Effusion,0.05946,0.01403,0.63674,0.02757,0.16706,0.09514
376,Atelectasis,Nodule,0.00109,0.06258,0.03568,0.69941,0.17995,0.02129
377,Atelectasis,Atelectasis,0.16427,0.00434,0.09114,0.15636,0.55153,0.03236
378,Pneumonia,Pneumonia,0.00305,0.74792,0.20952,0.00136,0.02813,0.01002
379,Normal,Normal,0.74638,0.05787,0.00469,0.13447,0.04264,0.01395
380,Cardiomegaly,Cardiomegaly,0.09573,0.03647,0.06593,0.00091,0.02066,0.7803
381,Normal,Normal,0.62259,0.08942,0.06078,0.1766,0.00184,0.04878
382,Atelectasis,Atelectasis,0.02501,0.0569,0.23438,0.08417,0.59545,0.0041
383,Atelectasis,Nodule,0.15343,0.03224,0.03888,0.49564,0.2306,0.0492
384,Nodule,Nodule,0.01345,0.0,0.14754,0.4374,0.37383,0.02779
385,Normal,Nodule,0.00109,0.01854,0.00273,0.77134,0.00655,0.19974
386,Normal,Normal,0.77967,0.04633,0.04688,0.00724,0.08965,0.03024
387,Atelectasis,Atelectasis,0.00032,0.00055,0.12352,0.08203,0.72161,0.07197
388,Normal,Normal,0.75407,0.03082,0.01021,0.14061,0.06284,0.00144
389,Normal,Normal,0.82837,0.0254,0.03128,0.04812,0.06655,0.00027
390,Nodule,Nodule,0.02165,0.03724,0.01271,0.64517,0.22034,0.06288
391,Atelectasis,Nodule,0.00967,0.00196,0.11241,0.74747,0.12781,0.00068
392,Cardiomegaly,Cardiomegaly,0.09447,0.00838,0.01824,0.00139,0.04295,0.83458
393,Normal,Normal,0.92222,0.01706,0.00744,0.01049,0.03502,0.00776
394,Normal,Normal,0.93177,0.02861,0.00216,0.0113,0.02591,0.00024
395,Cardiomegaly,Cardiomegaly,0.1163,0.01066,0.00647,0.00131,0.03464,0.83063
396,Normal,Normal,0.9063,0.03669,0.02983,0.01319,0.00187,0.01212
397,Pneumonia,Effusion,0.0128,0.11246,0.83472,0.03023,0.00958,0.00021
398,Normal,Normal,0.75524,0.12077,0.00218,0.03454,0.04004,0.04723
399,Effusion,Effusion,0.04294,0.00762,0.68826,0.00084,0.25326,0.00708
400,Normal,Normal,0.91464,0.01021,0.00558,0.00042,0.06847,0.00067
401,Normal,Normal,0.80224,0.15519,0.00057,0.00182,0.03915,0.00103
402,Cardiomegaly,Cardiomegaly,0.08031,0.00097,0.13311,0.00578,0.04561,0.73421
403,Normal,Cardiomegaly,0.00016,0.00579,0.00234,0.01341,0.08142,0.89688
404,Cardiomegaly,Cardiomegaly,0.1132,0.00322,0.00249,0.00933,0.04089,0.83087
405,Effusion,Atelectasis,0.04445,0.00785,0.07443,0.00296,0.84842,0.02189
406,Normal,Normal,0.91139,0.00798,0.01951,0.01605,0.01265,0.03241
407,Atelectasis,Nodule,0.17584,4e-05,0.08854,0.48822,0.24461,0.00275
408,Nodule,Nodule,0.00045,0.05406,0.00165,0.59306,0.20545,0.14532
409,Normal,Normal,0.83523,0.00974,0.01385,0.04639,0.06937,0.02541
410,Pneumonia,Pneumonia,0.14227,0.80767,0.03328,0.00965,0.0021,0.00502
411,Normal,Normal,0.93567,0.01497,0.03866,0.00014,0.01056,0.0
412,Pneumonia,Pneumonia,0.00359,0.82611,0.08608,0.01998,0.02856,0.03567
413,Nodule,Nodule,0.0125,0.02132,0.00059,0.81444,0.12426,0.02688
414,Normal,Normal,0.74719,0.17066,0.00074,0.04981,0.00378,0.02782
415,Pneumonia,Pneumonia,0.03621,0.8416,0.02493,0.0741,0.01198,0.01118
416,Normal,Normal,0.69348,0.12049,0.00949,0.08959,0.06965,0.01731
417,Pneumonia,Effusion,0.04455,0.06872,0.79205,0.02183,0.00159,0.07125
418,Normal,Normal,0.92887,0.00182,0.00012,0.00929,0.01862,0.04128
419,Pneumonia,Pneumonia,0.01886,0.81218,0.13566,0.00053,0.00675,0.02602
420,Atelectasis,Atelectasis,0.00592,0.01896,0.01833,0.29439,0.56882,0.09358
421,Effusion,Effusion,0.00027,0.00044,0.92822,0.00551,0.05279,0.01277
422,Normal,Normal,0.73871,0.03375,0.09161,0.01656,0.01792,0.10145
423,Normal,Pneumonia,0.03477,0.89645,5e-05,0.00077,0.05816,0.00981
424,Effusion,Effusion,0.02096,0.02469,0.56003,0.0934,0.2744,0.02651
425,Normal,Normal,0.83778,0.0798,0.00161,0.02175,0.00206,0.057
426,Nodule,Nodule,8e-05,0.03366,0.01669,0.86024,0.08536,0.00397
427,Pneumonia,Pneumonia,0.08115,0.83997,0.03672,0.01178,0.0243,0.00607
428,Normal,Normal,0.86575,0.01951,0.07003,0.00441,0.0044,0.03589
429,Effusion,Effusion,0.06402,0.02874,0.8044,0.01696,0.05773,0.02814
430,Normal,Pneumonia,0.02097,0.91959,0.00232,0.00074,0.00635,0.05003
431,Normal,Normal,0.6458,0.01886,0.15467,0.07089,0.09413,0.01564
432,Atelectasis,Atelectasis,0.00923,0.04311,0.16515,0.12311,0.63908,0.02032
433,Atelectasis,Atelectasis,0.0,0.00408,0.20212,0.02608,0.75214,0.01558
434,Atelectasis,Atelectasis,0.00033,0.04367,0.04859,0.24799,0.64267,0.01675
435,Cardiomegaly,Cardiomegaly,0.03867,0.04005,0.00138,0.01434,0.01471,0.89084
436,Normal,Normal,0.96448,0.02902,0.0004,0.00049,0.00136,0.00424
437,Nodule,Nodule,0.00026,0.00171,0.02758,0.78442,0.1585,0.02753
438,Nodule,Atelectasis,0.00019,0.00424,0.00912,0.04305,0.9271,0.0163
439,Normal,Normal,0.98381,0.01081,0.00109,0.00025,1e-05,0.00402
440,Pneumonia,Pneumonia,0.00434,0.86347,0.09615,0.00492,0.01209,0.01901
441,Atelectasis,Atelectasis,0.01484,0.00146,0.05984,0.10893,0.81379,0.00114
442,Pneumonia,Pneumonia,0.10967,0.79468,0.027,0.06784,0.0003,0.00052
443,Cardiomegaly,Cardiomegaly,0.05274,0.01793,0.07231,0.00059,0.01517,0.84125
444,Atelectasis,Atelectasis,0.00564,0.00551,0.05052,0.13051,0.80452,0.0033
445,Normal,Normal,0.89874,0.07821,0.00503,0.00434,0.00334,0.01033
446,Atelectasis,Atelectasis,0.00054,0.00591,0.01705,0.15887,0.81397,0.00366
447,Normal,Normal,0.81544,0.0167,0.09703,0.0292,0.03153,0.0101
448,Normal,Normal,0.92685,0.0086,0.03574,0.02098,0.004,0.00383
449,Atelectasis,Atelectasis,0.00495,0.00399,0.09284,0.35874,0.53662,0.00285
450,Normal,Normal,0.71032,0.00784,0.11283,0.00055,0.04519,0.12327
451,Nodule,Atelectasis,0.03007,0.11795,0.00265,0.08888,0.73461,0.02584
452,Effusion,Effusion,0.00695,0.02635,0.825,0.00074,0.10372,0.03725
453,Effusion,Effusion,0.05255,0.00194,0.45998,0.01317,0.44259,0.02977
454,Effusion,Effusion,0.00053,0.06134,0.7275,0.10211,0.0925,0.01601
455,Normal,Normal,0.74463,0.21784,0.02473,3e-05,0.00425,0.00851
456,Atelectasis,Atelectasis,0.00017,0.02221,0.0664,0.11513,0.79493,0.00116
457,Nodule,Nodule,0.00097,0.01296,0.03475,0.78204,0.16051,0.00878
458,Pneumonia,Pneumonia,0.02142,0.72738,0.2376,0.00503,0.00539,0.00319
459,Pneumonia,Pneumonia,0.05208,0.73931,0.0072,0.20055,0.00022,0.00063
460,Nodule,Nodule,0.00545,0.00492,0.00028,0.78189,0.14706,0.0604
461,Cardiomegaly,Cardiomegaly,0.12101,0.05956,0.04429,0.08866,0.0071,0.67937
462,Normal,Normal,0.86998,0.10462,9e-05,1e-05,0.0024,0.0229
463,Normal,Normal,0.63156,0.12443,0.00017,0.07366,0.16874,0.00144
464,Effusion,Atelectasis,0.02484,0.03188,0.2914,0.00151,0.64999,0.00037
465,Effusion,Effusion,0.00023,0.00545,0.63945,0.02756,0.1192,0.20811
466,Atelectasis,Atelectasis,0.01659,1e-05,0.07219,0.1083,0.79883,0.00408
467,Nodule,Nodule,0.02554,0.04388,0.00081,0.66866,0.21289,0.04821
468,Cardiomegaly,Cardiomegaly,0.07062,0.00855,0.0018,0.00314,0.0328,0.88308
469,Nodule,Nodule,0.0472,0.13029,0.01241,0.63031,0.14567,0.03412
470,Normal,Normal,0.89818,0.04133,0.01587,0.03956,0.0,0.00506
471,Effusion,Effusion,0.2605,0.00688,0.69653,0.00804,0.02648,0.00155
472,Atelectasis,Atelectasis,0.00486,0.04735,0.12028,0.12101,0.66503,0.04146
473,Effusion,Effusion,0.00546,0.1034,0.87243,0.00477,0.01384,0.0001
474,Cardiomegaly,Normal,0.89166,0.00993,0.00907,0.00105,0.02711,0.06118
475,Nodule,Nodule,0.00447,0.00037,0.07574,0.8151,0.062,0.04233
476,Pneumonia,Pneumonia,0.04382,0.73386,0.14754,0.02613,0.00417,0.04448
477,Normal,Normal,0.90772,0.00141,0.00416,0.02617,0.00266,0.05787
478,Normal,Normal,0.86532,0.03562,0.04848,1e-05,0.00472,0.04586
479,Cardiomegaly,Cardiomegaly,0.01718,0.0029,2e-05,0.00517,0.01163,0.96311
480,Pneumonia,Pneumonia,0.04899,0.88084,0.05557,0.01264,0.00091,0.00105
481,Nodule,Nodule,0.00889,0.13919,0.00149,0.76821,0.06156,0.02066
482,Atelectasis,Nodule,0.06042,0.00161,0.0832,0.7574,0.09696,0.0004
483,Pneumonia,Pneumonia,0.1027,0.85585,0.00305,0.026,0.00456,0.00784
484,Normal,Normal,0.88975,0.02468,0.00236,0.01501,0.04144,0.02676
485,Nodule,Nodule,0.00696,0.12047,0.00773,0.84007,0.00756,0.01719
486,Atelectasis,Atelectasis,0.09957,0.02891,0.13502,0.06561,0.64165,0.02924
487,Normal,Normal,0.87351,0.07712,0.00182,0.04155,4e-05,0.00596
488,Atelectasis,Atelectasis,0.01242,0.0046,0.12644,0.25626,0.56411,0.03618
489,Normal,Normal,0.89492,0.04207,0.03016,0.0146,0.0066,0.01165
490,Effusion,Cardiomegaly,0.02394,0.00302,0.01867,0.00019,0.05969,0.89448
491,Atelectasis,Atelectasis,0.0394,0.00089,0.13608,0.18235,0.63865,0.00263
492,Cardiomegaly,Cardiomegaly,0.10473,0.12251,0.00582,0.04849,0.03423,0.68421
493,Cardiomegaly,Cardiomegaly,0.07687,0.04584,0.01083,0.00276,0.0325,0.8312
494,Nodule,Nodule,0.05897,0.1138,5e-05,0.63066,0.12784,0.06867
495,Pneumonia,Pneumonia,0.00959,0.88933,0.07173,0.00074,0.02597,0.00263
496,Normal,Normal,0.93863,0.04023,0.00027,0.01936,0.00079,0.00072
497,Nodule,Nodule,0.02057,0.00385,0.00226,0.65296,0.31193,0.00843
498,Normal,Normal,0.80109,0.06964,0.10968,0.00099,0.00134,0.01727
499,Normal,Normal,0.82911,0.05463,0.05066,0.0005,0.00242,0.06268
500,Normal,Normal,0.96888,0.00661,0.00103,0.02211,0.00081,0.00056
501,Cardiomegaly,Cardiomegaly,0.02942,0.09776,0.07873,0.0024,0.00176,0.78994
502,Normal,Normal,0.90959,0.01498,0.00534,0.06529,0.00356,0.00124
503,Nodule,Nodule,0.04049,0.00211,0.02501,0.68469,0.20087,0.04683
504,Normal,Normal,0.9138,0.03746,0.04373,9e-05,0.00108,0.00385
505,Effusion,Effusion,0.01568,0.00451,0.93937,3e-05,0.03685,0.00357
506,Normal,Normal,0.87692,0.00381,0.08428,0.00113,0.02764,0.00621
507,Atelectasis,Atelectasis,0.00014,0.04578,0.06372,0.06466,0.80508,0.02062
508,Effusion,Effusion,0.00063,0.0122,0.85256,0.00966,0.10585,0.01909
509,Cardiomegaly,Normal,0.84292,0.00611,0.00472,0.00734,0.11224,0.02667
510,Normal,Normal,0.72642,0.05749,0.00011,0.01881,0.15288,0.04429
511,Effusion,Effusion,0.05492,0.00981,0.82701,0.06575,0.03778,0.00473
512,Atelectasis,Atelectasis,0.03809,0.06629,0.06914,0.05318,0.73925,0.03404
513,Normal,Normal,0.87406,0.00166,0.02954,0.00413,0.05852,0.03209
514,Cardiomegaly,Cardiomegaly,0.07329,0.00397,0.03251,0.00306,0.00208,0.88509
515,Nodule,Nodule,0.0438,0.02192,0.04119,0.63637,0.24517,0.01155
516,Normal,Effusion,0.02597,0.02051,0.83964,0.00431,0.00758,0.10198
517,Cardiomegaly,Cardiomegaly,0.03614,0.09551,0.00742,0.00055,0.00736,0.85302
518,Pneumonia,Pneumonia,0.01399,0.78344,0.03914,0.12946,0.03012,0.00384
519,Normal,Normal,0.86908,0.09567,0.00031,0.0092,0.02489,0.00084
520,Cardiomegaly,Cardiomegaly,0.08178,0.00379,0.0,0.00941,0.00978,0.89523
521,Atelectasis,Atelectasis,0.20593,0.00389,0.15079,0.04683,0.56592,0.02663
522,Cardiomegaly,Cardiomegaly,0.07035,0.14629,0.07519,0.03623,0.01635,0.65559
523,Nodule,Atelectasis,0.0,2e-05,0.002,0.09107,0.90682,8e-05
524,Atelectasis,Atelectasis,0.00729,0.0339,0.0813,0.17858,0.64119,0.05775
525,Cardiomegaly,Cardiomegaly,0.05087,0.02168,0.04526,0.01402,0.01612,0.85206
526,Atelectasis,Atelectasis,7e-05,0.00866,0.08592,0.11273,0.73704,0.05558
527,Effusion,Effusion,0.00681,0.01099,0.86373,0.008,0.10971,0.00076
528,Atelectasis,Nodule,0.00459,0.00215,0.06616,0.70867,0.15862,0.0598
529,Effusion,Atelectasis,0.03716,0.01011,0.1639,0.00121,0.78733,0.00028
530,Normal,Normal,0.92963,0.01612,0.00037,0.01672,0.00289,0.03427
531,Pneumonia,Pneumonia,6e-05,0.83573,0.07189,0.03071,0.0002,0.06141
532,Normal,Normal,0.82641,0.06231,0.03145,0.03669,0.00072,0.04242
533,Pneumonia,Pneumonia,0.16508,0.70362,0.1198,0.00272,0.00866,0.00013
534,Atelectasis,Atelectasis,0.003,0.001,0.01874,0.07504,0.87246,0.02977
535,Normal,Normal,0.94636,0.03588,0.00018,4e-05,0.00405,0.01349
536,Cardiomegaly,Cardiomegaly,0.07911,0.01299,0.00953,0.01393,0.00625,0.87819
537,Pneumonia,Nodule,0.00196,0.08773,0.00848,0.88351,0.0011,0.01723
538,Pneumonia,Pneumonia,0.01245,0.79771,0.03869,0.06226,0.00564,0.08325
539,Atelectasis,Nodule,0.00725,0.00742,0.11778,0.57064,0.22431,0.0726
540,Cardiomegaly,Cardiomegaly,0.217,0.00153,0.00806,1e-05,0.08304,0.69036
541,Effusion,Effusion,0.0116,0.01507,0.73597,5e-05,0.14856,0.08875
542,Atelectasis,Nodule,0.06727,0.11985,0.01177,0.68688,0.08855,0.02569
543,Atelectasis,Nodule,0.00068,0.00064,0.20262,0.56108,0.1793,0.05568
544,Nodule,Effusion,0.1184,0.02803,0.67864,0.00098,0.17287,0.00107
545,Normal,Normal,0.82587,0.05603,0.09012,0.01663,0.00062,0.01073
546,Normal,Normal,0.60646,0.1921,0.15867,0.00485,0.00068,0.03724
547,Normal,Normal,0.91825,0.04546,0.00822,0.00598,0.00175,0.02035
548,Nodule,Nodule,0.04576,0.00333,0.01548,0.76081,0.16689,0.00773
549,Effusion,Atelectasis,0.00136,0.00401,0.0989,0.02486,0.86987,0.001
550,Atelectasis,Atelectasis,0.06867,0.00012,0.03125,0.11492,0.78499,5e-05
551,Atelectasis,Atelectasis,0.02949,0.00845,0.05137,0.14371,0.72439,0.04259
552,Atelectasis,Atelectasis,0.04968,0.0002,0.11894,0.12827,0.69056,0.01234
553,Normal,Normal,0.95471,0.03171,0.00857,0.0,0.00495,6e-05
554,Normal,Normal,0.86199,0.04818,0.00152,0.03228,0.05445,0.00159
555,Pneumonia,Pneumonia,0.00063,0.6323,0.30132,0.01883,0.0002,0.04673
556,Atelectasis,Atelectasis,0.02109,0.00482,0.02178,0.2062,0.72886,0.01725
557,Normal,Normal,0.8189,0.07361,0.05264,0.02975,7e-05,0.02504
558,Normal,Normal,0.84585,0.04082,0.08334,0.00609,0.00716,0.01675
559,Normal,Normal,0.77419,0.05801,0.00225,0.03698,0.00084,0.12773
560,Normal,Normal,0.68116,0.13705,0.04049,0.01977,0.04514,0.07639
561,Atelectasis,Atelectasis,0.07245,0.03729,0.08223,0.0772,0.73036,0.00047
562,Normal,Pneumonia,0.02249,0.83083,0.08129,0.04338,0.0,0.022
563,Normal,Normal,0.97318,0.01639,0.00862,0.0,0.00174,7e-05
564,Pneumonia,Pneumonia,0.00916,0.80613,0.10215,0.00428,0.07119,0.0071
565,Effusion,Effusion,0.00217,0.00071,0.77946,0.01837,0.19289,0.00641
566,Effusion,Effusion,0.0013,0.0212,0.8063,0.00165,0.12625,0.0433
567,Cardiomegaly,Cardiomegaly,0.05978,0.06661,0.01227,0.0143,0.04483,0.80221
568,Atelectasis,Effusion,0.05702,0.03485,0.67324,0.21006,0.02279,0.00204
569,Atelectasis,Effusion,0.00128,0.00137,0.60428,0.24838,0.13765,0.00705
570,Normal,Normal,0.87101,0.01561,0.00463,0.01343,0.00026,0.09507
571,Effusion,Effusion,0.00116,0.003,0.73825,0.11368,0.08843,0.05548
572,Nodule,Nodule,0.02951,0.0413,0.032,0.7834,0.11161,0.00219
573,Cardiomegaly,Cardiomegaly,0.10911,0.00032,0.10851,0.00048,0.00976,0.77183
574,Nodule,Nodule,0.00279,0.07025,0.0023,0.78308,0.11014,0.03143
575,Atelectasis,Atelectasis,0.10418,0.026,0.04991,0.10858,0.70809,0.00325
576,Normal,Normal,0.93359,0.00912,0.01211,0.02385,0.00078,0.02053
577,Atelectasis,Nodule,0.0031,0.00433,0.23788,0.6898,0.06318,0.00171
578,Normal,Normal,0.90282,0.01812,0.00555,0.00648,0.0274,0.03963
579,Effusion,Effusion,0.01513,0.012,0.81999,0.00731,0.08229,0.06329
580,Cardiomegaly,Cardiomegaly,0.07865,0.12078,0.02784,0.02815,0.0265,0.71809
581,Normal,Normal,0.92187,0.01191,0.02576,0.02922,0.01058,0.00065
582,Effusion,Effusion,0.02328,0.01745,0.66442,0.03626,0.21439,0.04421
583,Atelectasis,Atelectasis,0.02658,0.01411,0.13837,0.08492,0.68345,0.05258
584,Cardiomegaly,Cardiomegaly,0.03495,0.09341,0.02545,0.04635,0.00652,0.79332
585,Atelectasis,Effusion,0.03663,0.04552,0.54645,0.25215,0.08363,0.03562
586,Atelectasis,Atelectasis,0.02386,0.01911,0.12743,0.12528,0.70412,0.00019
587,Effusion,Effusion,0.01469,0.03737,0.79501,0.0398,0.10719,0.00594
588,Effusion,Effusion,0.0586,3e-05,0.82151,0.01115,0.06924,0.03947
589,Normal,Normal,0.81325,0.07776,0.06823,0.00999,0.00344,0.02732
590,Normal,Normal,0.93456,0.01104,0.02377,0.00163,0.0276,0.00141
591,Cardiomegaly,Cardiomegaly,0.03972,0.00117,0.01331,0.00176,0.00366,0.94038
592,Atelectasis,Atelectasis,0.00202,0.00037,0.24137,0.08717,0.65977,0.00931
593,Normal,Normal,0.84255,0.07657,0.0019,0.04037,0.00088,0.03773
594,Atelectasis,Pneumonia,0.04549,0.8314,0.02356,0.0449,0.01994,0.0347
595,Atelectasis,Atelectasis,0.00202,0.23493,0.04681,0.18745,0.50398,0.02481
596,Nodule,Nodule,0.0129,0.00117,0.00795,0.90381,0.06293,0.01123
597,Cardiomegaly,Cardiomegaly,0.10137,0.04274,0.00334,0.07362,0.00596,0.77297
598,Normal,Normal,0.88057,0.02124,0.01542,0.00765,0.02457,0.05055
599,Normal,Pneumonia,0.11179,0.79318,0.06058,0.0003,0.01477,0.01938
600,Effusion,Effusion,0.0121,8e-05,0.81098,0.02115,0.15523,0.00047
601,Normal,Normal,0.63618,0.07844,0.00738,0.14633,0.03063,0.10104
602,Nodule,Nodule,0.0003,0.00231,0.01545,0.80317,0.14481,0.03396
603,Atelectasis,Atelectasis,0.01176,0.01299,0.1192,0.11652,0.73287,0.00666
604,Normal,Normal,0.91251,0.00464,0.00597,0.06338,0.00125,0.01225
605,Normal,Normal,0.68884,0.16404,0.01223,0.00704,0.0793,0.04855
606,Effusion,Atelectasis,0.00016,0.00345,0.08101,0.00179,0.91022,0.00338
607,Nodule,Nodule,0.00069,0.00961,0.0593,0.78428,0.12874,0.01738
608,Normal,Pneumonia,0.01008,0.8727,0.06744,0.04451,0.00464,0.00063
609,Normal,Normal,0.74581,0.07132,0.00013,0.00733,0.1305,0.04491
610,Normal,Normal,0.82528,0.04256,0.0011,0.01686,0.08528,0.02892
611,Pneumonia,Pneumonia,0.03041,0.87881,0.04855,0.00355,0.02706,0.01162
612,Normal,Normal,0.65478,0.14191,0.05183,0.12097,0.00949,0.02101
613,Atelectasis,Nodule,0.03314,0.01835,0.11551,0.71589,0.10792,0.0092
614,Normal,Normal,0.91688,0.00302,0.00272,0.03164,0.01773,0.02802
615,Normal,Normal,0.9467,0.01258,0.00367,1e-05,0.03435,0.00269
616,Effusion,Effusion,0.00236,0.00711,0.68188,0.06181,0.24223,0.00461
617,Normal,Normal,0.90504,0.04443,0.00401,0.01827,0.00484,0.02341
618,Normal,Normal,0.86113,0.02051,0.01282,0.00121,0.00151,0.10283
619,Effusion,Atelectasis,0.02599,0.01039,0.02831,0.06743,0.84801,0.01987
620,Nodule,Nodule,0.12914,1e-05,0.01433,0.56749,0.19006,0.09897
621,Normal,Normal,0.66116,0.03764,0.225,0.0351,0.03859,0.0025
622,Normal,Normal,0.78265,0.04859,0.04398,0.02332,0.05905,0.04241
623,Nodule,Nodule,0.03486,0.00364,0.00649,0.80967,0.11109,0.03426
624,Atelectasis,Nodule,2e-05,0.12659,0.02651,0.77664,0.06535,0.0049
625,Cardiomegaly,Cardiomegaly,0.00555,0.14452,0.0265,0.0072,0.00373,0.81249
626,Normal,Normal,0.80157,0.0393,0.01111,0.00266,0.00881,0.13654
627,Cardiomegaly,Cardiomegaly,0.05681,0.02558,0.04052,0.00078,0.0001,0.87621
628,Nodule,Nodule,0.03483,0.11761,0.01621,0.81257,0.01499,0.00379
629,Pneumonia,Pneumonia,0.00637,0.9442,0.00319,0.00285,0.01596,0.02742
630,Nodule,Nodule,0.00687,0.11216,0.0024,0.55453,0.32297,0.00106
631,Effusion,Effusion,0.00693,1e-05,0.57007,0.17379,0.24596,0.00324
632,Normal,Normal,0.91783,0.03304,0.00993,0.02882,0.00814,0.00224
633,Normal,Normal,0.69656,0.13854,0.01679,0.07204,0.07571,0.00036
634,Atelectasis,Effusion,0.00429,0.05421,0.38587,0.21349,0.3299,0.01224
635,Normal,Normal,0.84144,0.05276,0.00786,0.08615,0.00715,0.00464
636,Atelectasis,Atelectasis,0.00017,0.006,0.11894,0.08448,0.79002,0.0004
637,Nodule,Nodule,0.00952,0.00188,0.02937,0.7521,0.15154,0.0556
638,Normal,Normal,0.88002,0.01687,0.04087,0.01564,0.04504,0.00157
639,Normal,Normal,0.9093,0.01283,0.04352,0.03025,0.0028,0.0013
640,Cardiomegaly,Cardiomegaly,0.09948,0.00077,0.10344,0.00232,0.00527,0.78872
641,Atelectasis,Atelectasis,0.01067,0.0364,0.14016,0.25404,0.49472,0.06401
642,Normal,Normal,0.84723,0.08662,0.00178,0.01616,0.00407,0.04414
643,Effusion,Effusion,0.01178,0.00061,0.7561,0.04515,0.18601,0.00034
644,Pneumonia,Pneumonia,3e-05,0.85085,0.10115,0.00933,0.01731,0.02133
645,Atelectasis,Atelectasis,0.06806,0.00083,0.13134,0.11,0.67156,0.01821
646,Atelectasis,Nodule,0.12041,0.0149,0.05557,0.75808,0.05097,7e-05
647,Normal,Normal,0.75163,0.20632,0.01699,0.01247,0.00896,0.00363
648,Normal,Normal,0.87687,0.04995,0.05568,0.01098,2e-05,0.0065
649,Atelectasis,Atelectasis,0.01199,0.01842,0.03222,0.30427,0.63222,0.00088
650,Normal,Normal,0.89025,0.02185,0.02718,0.00263,0.01932,0.03877
651,Pneumonia,Pneumonia,0.00324,0.86976,0.06425,0.05972,0.00293,0.0001
652,Nodule,Normal,0.75057,0.00537,0.02574,0.00011,0.205,0.01321
653,Normal,Normal,0.69162,0.10095,0.11932,0.0559,0.02004,0.01217
654,Effusion,Effusion,0.05174,0.00629,0.67179,0.03861,0.13305,0.09851
655,Nodule,Nodule,0.01942,0.0,0.0247,0.77464,0.1559,0.02533
656,Atelectasis,Nodule,0.00457,0.00042,0.02642,0.93898,0.02043,0.00918
657,Atelectasis,Atelectasis,0.01427,0.14572,0.08109,0.24542,0.51126,0.00225
658,Pneumonia,Pneumonia,0.00032,0.88281,0.07989,0.00132,0.02241,0.01325
659,Cardiomegaly,Cardiomegaly,0.02942,0.01701,0.00748,0.00289,0.00727,0.93593
660,Nodule,Nodule,0.0109,0.00208,0.0243,0.83413,0.1031,0.0255
661,Nodule,Nodule,0.0,0.00241,0.04611,0.82548,0.1059,0.0201
662,Atelectasis,Atelectasis,0.01645,0.00513,0.13758,0.04433,0.78645,0.01006
663,Normal,Normal,0.88721,0.06522,0.02537,0.01189,0.01027,5e-05
664,Normal,Normal,0.79385,0.15453,0.00022,0.02529,0.02016,0.00595
665,Normal,Normal,0.67088,0.07015,0.00516,0.22625,0.00255,0.02502
666,Normal,Normal,0.91437,0.06216,0.01154,0.00287,0.00862,0.00044
667,Pneumonia,Pneumonia,0.00352,0.58801,0.17027,0.09021,0.1372,0.01078
668,Normal,Normal,0.90825,0.05169,0.00041,0.0067,0.02097,0.01199
669,Cardiomegaly,Cardiomegaly,0.15309,0.02383,0.09963,0.07659,0.00216,0.6447
670,Normal,Normal,0.8186,0.09273,0.05051,0.00048,0.03757,0.00012
671,Atelectasis,Nodule,0.01207,0.00572,0.0675,0.58011,0.26718,0.06743
672,Normal,Normal,0.89731,0.02296,0.01268,0.04276,0.02154,0.00275
673,Normal,Normal,0.58595,0.03906,0.00127,0.30814,0.01462,0.05095
674,Pneumonia,Pneumonia,0.0679,0.84123,0.02603,0.0421,0.0195,0.00324
675,Cardiomegaly,Cardiomegaly,0.0384,0.06656,0.00058,0.0146,0.02113,0.85872
676,Nodule,Nodule,0.15068,0.14603,0.0513,0.35942,0.28959,0.00298
677,Pneumonia,Pneumonia,0.00677,0.80812,0.07625,0.0684,0.03045,0.01001
678,Atelectasis,Pneumonia,0.00193,0.63095,0.03337,0.28877,0.0045,0.04047
679,Effusion,Effusion,0.00602,0.01421,0.74905,0.14419,0.06969,0.01683
680,Nodule,Nodule,0.00306,0.00135,0.04551,0.81521,0.11833,0.01653
681,Normal,Normal,0.86059,0.00665,0.03689,0.02287,0.00043,0.07257
682,Cardiomegaly,Cardiomegaly,0.06755,0.06757,0.00785,0.00252,0.00029,0.85421
683,Normal,Normal,0.84118,0.02934,0.0305,0.00058,0.00017,0.09823
684,Normal,Normal,0.8392,0.04133,0.0574,0.03085,0.01127,0.01995
685,Normal,Normal,0.92728,0.02658,0.01225,0.00381,0.01264,0.01744
686,Effusion,Effusion,0.02352,0.01594,0.69906,0.20784,0.04631,0.00734
687,Normal,Normal,0.86839,0.04414,0.08546,0.00154,0.00023,0.00023
688,Pneumonia,Pneumonia,0.05477,0.79282,0.08724,0.00655,0.0306,0.02802
689,Pneumonia,Pneumonia,0.02905,0.6221,0.09649,0.10313,0.04403,0.1052
690,Normal,Normal,0.81455,0.00051,0.02738,0.0104,0.14606,0.00111
691,Atelectasis,Atelectasis,0.04374,0.01209,0.11319,0.19471,0.6192,0.01708
692,Nodule,Nodule,0.00196,0.04226,0.00072,0.44159,0.3202,0.19327
693,Cardiomegaly,Cardiomegaly,0.05167,0.00522,0.00914,0.00142,0.02522,0.90734
694,Normal,Normal,0.8294,0.04789,0.00579,0.05508,0.0001,0.06174
695,Atelectasis,Atelectasis,0.02215,0.02091,0.17923,0.07872,0.69237,0.00663
696,Normal,Normal,0.88269,0.03461,0.05667,0.01416,0.01006,0.00182
697,Normal,Normal,0.88799,0.10628,0.00132,0.0,0.00416,0.00025
698,Effusion,Effusion,0.01039,0.00234,0.80139,0.06179,0.04596,0.07813
699,Pneumonia,Pneumonia,0.00606,0.82304,0.12885,0.00157,0.00019,0.04029
700,Atelectasis,Atelectasis,0.01218,0.00083,0.03441,0.16801,0.78135,0.00321
701,Normal,Normal,0.95767,0.00626,0.01602,0.00046,0.013,0.00659
702,Nodule,Nodule,0.0334,0.01377,0.00076,0.71995,0.17516,0.05697
703,Pneumonia,Pneumonia,0.00811,0.95085,0.01307,0.01602,0.00361,0.00834
704,Atelectasis,Atelectasis,0.00427,4e-05,0.08456,0.12327,0.7864,0.00145
705,Normal,Normal,0.96345,0.01384,0.00107,0.02163,0.0,0.0
706,Normal,Normal,0.78153,0.0333,0.05062,0.12643,0.0081,2e-05
707,Normal,Pneumonia,0.07362,0.85849,0.02123,0.02161,2e-05,0.02504
708,Normal,Normal,0.77594,0.06156,0.05571,0.02592,0.07965,0.00122
709,Atelectasis,Atelectasis,0.07221,0.00736,0.14014,0.01677,0.73825,0.02527
710,Normal,Normal,0.89826,0.04812,6e-05,0.00017,0.02614,0.02725
711,Cardiomegaly,Normal,0.76358,0.00253,0.05382,0.04107,0.09388,0.04513
712,Atelectasis,Atelectasis,0.01783,0.01768,0.08838,0.08447,0.78817,0.00347
713,Normal,Normal,0.92882,0.05175,0.01736,5e-05,5e-05,0.00197
714,Pneumonia,Pneumonia,0.1219,0.79635,0.04923,0.03039,0.0,0.00214
715,Nodule,Nodule,0.01636,0.12995,0.01338,0.76072,0.0529,0.02669
716,Atelectasis,Atelectasis,0.00244,0.05499,0.12157,0.13094,0.68189,0.00817
717,Cardiomegaly,Cardiomegaly,0.08714,0.04357,0.00076,0.01041,0.00039,0.85773
718,Normal,Normal,0.8602,0.06624,0.02902,0.00063,0.02119,0.02272
719,Normal,Pneumonia,0.10052,0.8652,0.0001,0.03354,0.00025,0.0004
720,Atelectasis,Atelectasis,0.00258,0.00053,0.32649,0.1367,0.52875,0.00494
721,Normal,Normal,0.79154,0.01941,0.00353,0.04571,0.08846,0.05135
722,Cardiomegaly,Cardiomegaly,0.0979,0.04973,0.00692,0.0185,0.07445,0.7525
723,Pneumonia,Pneumonia,0.0026,0.94599,0.04792,0.00194,0.00149,6e-05
724,Atelectasis,Atelectasis,0.0,0.08149,0.04316,0.04239,0.8191,0.01385
725,Nodule,Nodule,0.01951,0.0254,0.03193,0.86461,0.05078,0.00777
726,Normal,Normal,0.90989,0.03254,0.00332,0.00617,0.01484,0.03325
727,Effusion,Effusion,0.05451,0.04977,0.76782,0.00121,0.12643,0.00025
728,Normal,Normal,0.92066,0.02006,0.00472,0.00059,0.01158,0.0424
729,Nodule,Nodule,0.00078,0.02532,0.0616,0.73574,0.15885,0.0177
730,Cardiomegaly,Cardiomegaly,0.01519,0.00187,0.05846,0.05598,0.0424,0.82609
731,Pneumonia,Pneumonia,0.00536,0.88286,0.10248,0.00218,0.00215,0.00496
732,Effusion,Effusion,0.00046,0.00047,0.86317,0.0012,0.12438,0.01032
733,Pneumonia,Pneumonia,0.00341,0.97055,0.00684,0.00583,0.01112,0.00225
734,Pneumonia,Pneumonia,0.00718,0.86714,0.11409,0.00023,0.00704,0.00431
735,Normal,Normal,0.94021,0.0019,0.03474,0.01842,0.00427,0.00047
736,Nodule,Nodule,0.05296,0.00011,0.05046,0.65225,0.23662,0.0076
737,Normal,Normal,0.95921,0.02998,0.00073,0.00969,0.00024,0.00015
738,Normal,Normal,0.88665,0.06862,0.02065,0.00604,0.00457,0.01346
739,Normal,Normal,0.72036,0.04179,0.00762,0.16585,0.02754,0.03683
740,Normal,Normal,0.93352,0.01858,1e-05,0.0085,0.01255,0.02685
741,Effusion,Effusion,0.02602,0.14206,0.70776,0.01239,0.11128,0.00051
742,Cardiomegaly,Cardiomegaly,0.00574,0.00015,0.0,0.03327,0.0101,0.95074
743,Nodule,Pneumonia,0.03428,0.78758,0.01936,0.00421,0.14828,0.0063
744,Atelectasis,Atelectasis,0.01938,0.00124,0.0744,0.20203,0.69818,0.00477
745,Effusion,Effusion,0.01171,0.01682,0.80541,0.0122,0.10948,0.04438
746,Normal,Normal,0.87771,0.01007,0.00144,0.03035,0.07139,0.00903
747,Effusion,Effusion,0.11316,0.0064,0.54551,0.00246,0.32397,0.00851
748,Pneumonia,Pneumonia,0.00221,0.89777,0.0157,0.0778,0.00566,0.00086
749,Nodule,Nodule,0.01842,0.09703,0.00058,0.73331,0.15005,0.0006
750,Normal,Normal,0.8322,0.06198,0.00261,0.08542,0.00628,0.01152
751,Nodule,Nodule,0.01149,0.05024,0.066,0.83647,0.01845,0.01735
752,Normal,Normal,0.82592,0.00061,0.01814,0.13691,0.00867,0.00974
753,Normal,Normal,0.7586,0.09859,0.06432,0.02749,0.0085,0.0425
754,Nodule,Normal,0.83286,0.03193,0.00956,0.03027,0.05982,0.03556
755,Pneumonia,Pneumonia,0.00447,0.81856,0.06636,0.00102,0.08561,0.02399
756,Normal,Normal,0.85937,0.06625,0.04478,0.02166,0.0048,0.00313
757,Nodule,Nodule,0.03582,0.01648,0.00931,0.77756,0.16071,0.00013
758,Nodule,Nodule,0.03186,0.04696,0.01751,0.85383,0.04938,0.00044
759,Normal,Normal,0.94671,0.017,0.02696,0.00178,0.00195,0.0056
760,Nodule,Atelectasis,0.0,0.02086,0.02065,0.23276,0.70985,0.01588
761,Atelectasis,Atelectasis,8e-05,0.00826,0.09636,0.02788,0.82617,0.04126
762,Normal,Normal,0.85719,0.07407,0.03096,0.00016,0.01961,0.01801
763,Pneumonia,Pneumonia,0.00267,0.79744,0.16299,0.0016,0.03516,0.00014
764,Normal,Normal,0.88642,0.03556,0.01116,0.00223,0.05156,0.01308
765,Normal,Normal,0.87882,0.04047,0.04731,0.00013,0.03315,0.00012
766,Nodule,Nodule,0.01124,0.00072,0.01945,0.82348,0.13159,0.01352
767,Nodule,Nodule,0.00037,0.0007,0.00045,0.88652,0.03965,0.07231
768,Cardiomegaly,Normal,0.68456,0.13241,0.00806,0.06284,0.04397,0.06816
769,Normal,Normal,0.77145,0.04325,0.07309,0.0807,0.00423,0.02727
770,Normal,Normal,0.7699,0.00308,0.10324,0.02102,0.04344,0.05931
771,Effusion,Normal,0.97173,0.0031,0.00288,0.00074,0.01831,0.00324
772,Effusion,Effusion,0.09306,0.00293,0.80454,0.00084,0.00971,0.08891
773,Cardiomegaly,Cardiomegaly,0.06964,0.05367,0.01121,0.02015,0.01623,0.8291
774,Normal,Normal,0.8572,0.00816,0.01211,0.00695,0.06484,0.05074
775,Normal,Normal,0.82177,0.01624,0.00029,0.13025,0.00889,0.02256
776,Nodule,Atelectasis,0.02916,0.00571,0.04015,0.19378,0.7312,0.0
777,Normal,Normal,0.81404,0.0207,0.01304,0.03984,0.09848,0.0139
778,Cardiomegaly,Cardiomegaly,0.05948,0.00019,0.01374,0.01655,0.03623,0.87381
779,Atelectasis,Atelectasis,0.00062,0.05552,0.22102,0.03472,0.6876,0.00051
780,Nodule,Nodule,0.00029,0.07588,0.00834,0.82202,0.06455,0.02892
781,Cardiomegaly,Cardiomegaly,0.04857,0.00515,0.106,0.00015,0.02415,0.81599
782,Cardiomegaly,Cardiomegaly,0.0876,0.0683,0.06867,0.0056,0.00542,0.76441
783,Effusion,Effusion,0.00422,0.05414,0.82144,0.01041,0.0228,0.08699
784,Atelectasis,Atelectasis,0.00431,0.17833,0.10348,0.01443,0.69682,0.00264
785,Pneumonia,Pneumonia,0.01525,0.74428,0.04594,0.00589,0.18553,0.00311
786,Pneumonia,Pneumonia,0.1097,0.77636,0.10883,0.00329,0.00181,1e-05
787,Normal,Normal,0.88182,0.05303,7e-05,0.02821,0.03548,0.00139
788,Normal,Normal,0.90989,0.03864,0.001,0.00848,0.02314,0.01885
789,Effusion,Effusion,7e-05,0.04149,0.65429,0.06275,0.10804,0.13337
790,Effusion,Effusion,0.08451,0.01375,0.81473,0.00117,0.06835,0.01749
791,Effusion,Effusion,0.00117,0.01489,0.93704,0.00045,0.04633,0.00012
792,Effusion,Effusion,0.04488,0.00216,0.75097,0.03682,0.14778,0.01739
793,Nodule,Nodule,0.00074,0.00714,0.0,0.77544,0.20608,0.01059
794,Normal,Normal,0.77652,0.13873,0.04611,0.00498,0.02393,0.00973
795,Atelectasis,Atelectasis,0.01172,0.00042,0.017,0.16503,0.79506,0.01077
796,Normal,Normal,0.867,0.02509,0.01283,0.00838,0.01282,0.07389
797,Effusion,Effusion,0.01486,4e-05,0.66726,0.05239,0.26295,0.0025
798,Cardiomegaly,Cardiomegaly,0.00304,1e-05,0.00194,0.0146,0.01684,0.96356
799,Atelectasis,Nodule,0.00644,0.01619,0.03096,0.69289,0.22736,0.02616
800,Cardiomegaly,Cardiomegaly,0.23444,0.00046,0.0,0.08948,0.01292,0.6627
801,Pneumonia,Pneumonia,0.00422,0.78316,0.08912,0.10517,0.01748,0.00086
802,Atelectasis,Atelectasis,0.01775,0.00492,0.12599,0.29007,0.43482,0.12645
803,Effusion,Effusion,0.00015,0.01179,0.77197,0.02553,0.14259,0.04797
804,Atelectasis,Effusion,0.00045,0.00612,0.71342,0.11577,0.16123,0.003
805,Normal,Normal,0.96103,0.01742,0.00783,0.00662,0.00405,0.00305
806,Normal,Cardiomegaly,0.01014,0.00648,0.03328,0.00028,0.07679,0.87303
807,Pneumonia,Pneumonia,0.00449,0.8716,0.07264,0.01776,0.02964,0.00387
808,Normal,Normal,0.7968,0.06189,0.06076,0.00068,0.05723,0.02263
809,Atelectasis,Atelectasis,0.0,0.00541,0.1274,0.06802,0.70346,0.09571
810,Normal,Normal,0.81514,0.12352,0.00249,0.00954,0.02895,0.02035
811,Normal,Normal,0.75655,0.1296,0.01048,0.00866,0.0007,0.09402
812,Normal,Normal,0.8442,0.00961,0.01824,0.01508,0.09996,0.0129
813,Pneumonia,Pneumonia,0.00469,0.9167,0.01227,0.05809,0.00806,0.00019
814,Normal,Normal,0.95298,0.02644,0.00272,0.01686,0.00063,0.00036
815,Nodule,Nodule,0.00887,0.06733,0.01568,0.65125,0.2559,0.00097
816,Normal,Normal,0.87468,0.02794,0.00054,0.03979,0.03272,0.02432
817,Pneumonia,Pneumonia,0.01141,0.90597,0.05567,0.0034,0.00103,0.02252
818,Nodule,Nodule,0.04102,0.00669,0.03864,0.79309,0.06376,0.0568
819,Normal,Normal,0.9069,0.05998,0.03056,0.00019,0.00215,0.00022
820,Normal,Normal,0.81769,0.06144,0.04156,0.04333,0.02367,0.0123
821,Pneumonia,Effusion,0.02657,0.04034,0.74927,0.00471,0.17909,2e-05
822,Normal,Pneumonia,0.01612,0.87115,0.0007,0.02975,0.07355,0.00873
823,Atelectasis,Nodule,0.0129,0.01093,0.12515,0.6789,0.11695,0.05517
824,Normal,Normal,0.70286,0.00756,0.08751,0.01115,0.01637,0.17456
825,Atelectasis,Nodule,0.00685,0.01601,0.07929,0.60066,0.24473,0.05245
826,Effusion,Effusion,0.0017,0.03418,0.92451,0.0138,0.02306,0.00275
827,Effusion,Effusion,0.0029,0.10506,0.83636,0.02645,0.01946,0.00977
828,Cardiomegaly,Cardiomegaly,0.02067,0.01903,0.0016,0.03615,0.01054,0.912
829,Normal,Normal,0.86265,0.037,0.0613,8e-05,0.03564,0.00332
830,Normal,Normal,0.92183,0.03123,0.00191,0.00849,0.02617,0.01038
831,Normal,Normal,0.71006,0.19595,0.00107,0.01103,0.05954,0.02235
832,Cardiomegaly,Cardiomegaly,0.05052,0.03687,0.00156,5e-05,0.07645,0.83455
833,Nodule,Nodule,0.00082,0.00485,0.04279,0.84176,0.10836,0.00143
834,Normal,Normal,0.88929,0.05238,0.00039,0.04627,0.01044,0.00123
835,Nodule,Nodule,0.00143,0.00741,0.01422,0.82775,0.09581,0.05338
836,Normal,Normal,0.87922,0.04852,0.0203,0.03872,0.01286,0.00038
837,Cardiomegaly,Cardiomegaly,0.11295,7e-05,0.15294,0.00167,0.00088,0.73149
838,Nodule,Nodule,0.01709,0.00171,0.00453,0.7551,0.10585,0.11573
839,Normal,Normal,0.91808,0.04023,0.00907,0.01297,0.00031,0.01934
840,Nodule,Nodule,0.03807,0.00256,0.00541,0.6939,0.25986,0.0002
841,Effusion,Effusion,0.01604,0.00785,0.69431,0.22658,0.03594,0.01927
842,Effusion,Effusion,0.00959,0.06595,0.80295,0.09125,0.01768,0.01258
843,Normal,Normal,0.93136,0.00253,0.00234,0.05624,0.00636,0.00117
844,Atelectasis,Atelectasis,0.00533,0.04161,0.05268,0.14779,0.74778,0.00482
845,Normal,Normal,0.85296,0.00452,0.06826,2e-05,0.06291,0.01134
846,Atelectasis,Atelectasis,0.001,0.15022,0.04522,0.07004,0.72067,0.01285
847,Normal,Normal,0.77487,0.03341,0.12231,0.06118,0.00179,0.00643
848,Normal,Normal,0.77581,0.01679,0.13781,0.00023,0.05521,0.01415
849,Nodule,Atelectasis,0.03757,7e-05,0.03147,0.26878,0.63536,0.02675
850,Normal,Normal,0.82601,0.0031,0.10512,0.00871,0.04835,0.00873
851,Normal,Normal,0.9194,0.06219,0.01086,5e-05,0.00011,0.00738
852,Pneumonia,Pneumonia,0.01031,0.54649,0.07637,0.15982,0.11336,0.09365
853,Cardiomegaly,Cardiomegaly,0.03903,0.01531,0.01176,0.01008,0.07902,0.8448
854,Atelectasis,Effusion,0.00517,0.00683,0.64101,0.16432,0.18194,0.00072
855,Effusion,Atelectasis,0.02937,0.00916,0.15283,0.03848,0.71151,0.05864
856,Pneumonia,Pneumonia,0.05619,0.82997,0.10073,0.009,0.00219,0.00192
857,Normal,Normal,0.75338,0.06618,0.10451,0.01922,0.02631,0.0304
858,Normal,Normal,0.7322,0.03219,0.04614,0.00109,0.18831,8e-05
859,Effusion,Effusion,0.08255,0.04876,0.80492,0.03475,0.01599,0.01302
860,Pneumonia,Effusion,0.00264,0.0738,0.68714,0.15786,2e-05,0.07853
861,Normal,Normal,0.97785,0.00904,0.00026,0.00325,0.00951,9e-05
862,Effusion,Effusion,0.00555,0.03772,0.79156,0.02341,0.06278,0.07898
863,Nodule,Nodule,0.00336,0.02947,0.00107,0.79805,0.15954,0.0085
864,Pneumonia,Pneumonia,0.0026,0.91491,0.04167,0.03266,0.00209,0.00608
865,Pneumonia,Pneumonia,0.00983,0.91477,0.0172,0.04939,0.0054,0.00341
866,Nodule,Nodule,0.04387,0.06747,0.00056,0.71764,0.16828,0.00218
867,Normal,Normal,0.85894,0.06181,0.00026,0.00015,0.07602,0.00282
868,Normal,Normal,0.81968,0.14934,0.00824,0.02091,0.0006,0.00123
869,Cardiomegaly,Cardiomegaly,0.01941,0.01594,0.00667,0.01457,0.10279,0.84061
870,Effusion,Atelectasis,0.03098,0.00023,0.03002,0.02342,0.8452,0.07014
871,Cardiomegaly,Cardiomegaly,0.05862,0.00073,0.00141,0.07186,0.02302,0.84436
872,Normal,Normal,0.8672,0.01569,0.00495,0.00095,0.02751,0.08371
873,Pneumonia,Pneumonia,0.06734,0.82682,0.03305,0.05184,0.01528,0.00567
874,Nodule,Atelectasis,0.04992,0.03782,0.06526,0.17995,0.66215,0.0049
875,Effusion,Effusion,0.00373,0.12431,0.75387,0.00986,0.09666,0.01157
876,Effusion,Effusion,0.01996,0.00539,0.81106,0.00021,0.16287,0.0005
877,Normal,Normal,0.91831,0.06044,0.01253,0.00609,0.00252,0.0001
878,Effusion,Effusion,1e-05,0.07978,0.75863,0.09365,0.02764,0.04029
879,Normal,Normal,0.79666,0.12914,0.03778,0.00191,0.02848,0.00604
880,Effusion,Effusion,0.00829,0.00944,0.6606,0.00547,0.31427,0.00193
881,Normal,Normal,0.88207,0.01553,0.03008,0.00405,0.05597,0.0123
882,Atelectasis,Normal,0.59239,0.00339,0.01039,0.1559,0.02981,0.20811
883,Normal,Normal,0.92606,0.02867,0.00533,0.00262,0.0007,0.03663
884,Normal,Normal,0.76757,0.04057,0.02015,0.01046,0.16023,0.00101
885,Effusion,Effusion,0.01448,0.03262,0.88088,0.00104,0.07094,4e-05
886,Cardiomegaly,Cardiomegaly,0.06623,0.08794,0.06736,0.03336,0.02966,0.71545
887,Pneumonia,Pneumonia,0.00826,0.89256,0.07528,0.02047,0.00012,0.00332
888,Nodule,Nodule,0.03126,0.00029,0.00665,0.7808,0.18089,0.0001
889,Normal,Normal,0.69022,0.07317,0.22631,0.00994,0.00023,0.00013
890,Effusion,Effusion,0.01186,0.00565,0.8327,0.03666,0.08821,0.02493
891,Cardiomegaly,Cardiomegaly,0.0526,0.07015,0.00573,0.00811,0.00015,0.86327
892,Pneumonia,Pneumonia,0.06956,0.78245,0.13102,0.00883,0.00536,0.00277
893,Effusion,Effusion,0.00456,0.00012,0.91374,0.01574,0.01413,0.05171
894,Effusion,Effusion,0.09942,0.01568,0.81717,0.01495,0.04048,0.01231
895,Cardiomegaly,Cardiomegaly,0.04996,0.0,0.01519,0.00066,1e-05,0.93418
896,Normal,Normal,0.94333,0.01429,0.00059,0.0035,0.02618,0.01212
897,Normal,Normal,0.89554,0.01209,0.0489,0.04104,0.00077,0.00166
898,Normal,Normal,0.79197,0.01851,0.16051,0.00485,0.01338,0.01077
899,Effusion,Effusion,0.0074,0.00142,0.71237,0.0002,0.23268,0.04594
900,Atelectasis,Atelectasis,0.05894,0.01583,0.00528,0.11707,0.80079,0.00208
901,Atelectasis,Atelectasis,2e-05,0.00095,0.04847,0.18705,0.76088,0.00263
902,Pneumonia,Pneumonia,0.198,0.67067,0.03389,1e-05,0.09316,0.00427
903,Nodule,Nodule,0.05254,0.01831,0.00028,0.76331,0.15505,0.01051
904,Effusion,Effusion,0.00458,0.00256,0.793,0.01513,0.17275,0.01198
905,Cardiomegaly,Cardiomegaly,0.07814,6e-05,0.05355,0.08938,0.00121,0.77767
906,Normal,Normal,0.89076,0.02352,0.0052,0.03098,0.04362,0.00591
907,Normal,Normal,0.81826,0.05953,0.02177,0.0035,0.0877,0.00924
908,Pneumonia,Pneumonia,0.00687,0.7131,0.15903,0.04244,0.00195,0.07661
909,Effusion,Effusion,0.01354,0.01662,0.63529,0.06153,0.27247,0.00055
910,Pneumonia,Pneumonia,0.01373,0.70886,0.12032,0.0638,0.09256,0.00073
911,Effusion,Effusion,0.01898,0.02402,0.83804,0.00052,0.0711,0.04734
912,Nodule,Nodule,0.00024,0.00088,0.00059,0.88066,0.11659,0.00103
913,Nodule,Nodule,0.05262,0.0046,0.00101,0.79258,0.12908,0.02012
914,Normal,Normal,0.87736,0.03222,0.0267,0.05969,5e-05,0.00397
915,Normal,Normal,0.85793,0.04043,0.10079,4e-05,0.00023,0.00059
916,Normal,Normal,0.83025,0.09556,0.02921,0.00379,0.00393,0.03725
917,Atelectasis,Atelectasis,2e-05,0.04906,0.01278,0.17372,0.69845,0.06597
918,Atelectasis,Atelectasis,0.00035,0.06587,0.07121,0.23842,0.62411,4e-05
919,Pneumonia,Pneumonia,0.06857,0.65949,0.1929,0.01565,0.04761,0.01578
920,Pneumonia,Effusion,0.00423,0.02594,0.82484,0.03687,0.09555,0.01258
921,Cardiomegaly,Cardiomegaly,0.11313,0.05202,0.01588,0.03089,0.00362,0.78446
922,Effusion,Effusion,0.00696,0.05944,0.8169,0.00995,0.10547,0.00127
923,Atelectasis,Nodule,0.00795,0.16832,0.09839,0.68851,0.03256,0.00428
924,Nodule,Atelectasis,0.00513,0.06821,0.07374,0.07625,0.77666,0.0
925,Normal,Normal,0.91764,0.00673,0.00209,0.01859,0.02017,0.03479
926,Atelectasis,Atelectasis,0.00042,0.0052,0.14768,0.10489,0.72086,0.02094
927,Normal,Normal,0.81759,0.00342,0.16196,0.01115,1e-05,0.00587
928,Normal,Normal,0.79447,0.08824,0.00481,0.0299,0.08073,0.00186
929,Normal,Normal,0.92584,0.0609,0.00345,0.00744,0.00058,0.0018
930,Cardiomegaly,Cardiomegaly,0.2372,0.0,0.00971,0.048,0.00839,0.69669
931,Atelectasis,Atelectasis,0.09508,0.00394,0.20863,0.09606,0.57606,0.02022
932,Atelectasis,Atelectasis,3e-05,0.02252,0.06358,0.2187,0.68412,0.01105
933,Nodule,Nodule,0.00735,0.00417,3e-05,0.82349,0.06536,0.0996
934,Cardiomegaly,Cardiomegaly,0.06984,0.05531,0.04663,0.00259,0.01926,0.80637
935,Normal,Normal,0.79014,0.12702,0.00134,0.01679,0.04425,0.02046
936,Cardiomegaly,Cardiomegaly,0.08175,0.00039,0.01776,0.00962,0.03008,0.8604
937,Effusion,Effusion,0.00137,0.00396,0.76922,0.0101,0.17109,0.04425
938,Nodule,Nodule,0.00048,0.00031,0.01987,0.91348,0.06557,0.00029
939,Atelectasis,Atelectasis,0.00114,0.02158,0.13334,0.18345,0.59042,0.07007
940,Pneumonia,Pneumonia,0.08899,0.77554,0.06848,0.01976,0.00022,0.04701
941,Normal,Normal,0.87423,0.00393,0.07366,0.01852,0.02963,2e-05
942,Effusion,Effusion,0.01443,0.00483,0.89776,0.00151,0.08139,8e-05
943,Normal,Normal,0.92686,0.04895,0.01433,0.0,0.00419,0.00568
944,Normal,Normal,0.94254,0.00457,0.00036,0.00039,0.02375,0.02839
945,Normal,Cardiomegaly,0.00691,0.00666,0.06287,0.00926,0.07413,0.84018
946,Normal,Normal,0.81434,0.04807,0.00325,0.05887,0.0231,0.05238
947,Nodule,Atelectasis,0.08397,0.00157,0.00154,0.07586,0.8176,0.01946
948,Normal,Normal,0.88952,0.01367,0.03366,0.00505,0.05802,9e-05
949,Normal,Normal,0.86816,0.00685,0.01251,0.07419,0.03435,0.00394
950,Normal,Normal,0.76981,0.00604,0.0064,0.00827,0.16062,0.04886
951,Normal,Normal,0.76777,0.01255,0.05288,0.0263,0.13824,0.00227
952,Pneumonia,Pneumonia,0.08951,0.82769,0.05876,0.01098,0.00879,0.00427
953,Atelectasis,Nodule,0.00411,0.01211,0.0782,0.7631,0.05352,0.08896
954,Pneumonia,Pneumonia,0.02131,0.69667,0.10095,0.0242,0.05601,0.10085
955,Normal,Normal,0.82955,0.03404,0.01268,0.06803,0.04578,0.00991
956,Pneumonia,Pneumonia,0.00367,0.83484,0.06296,0.03241,0.06399,0.00213
957,Atelectasis,Atelectasis,0.02862,2e-05,0.19007,0.08379,0.68432,0.01318
958,Normal,Normal,0.82235,0.01552,0.02985,0.01238,0.0812,0.0387
959,Pneumonia,Pneumonia,0.03531,0.75279,0.06315,0.12989,0.00035,0.01852
960,Nodule,Nodule,0.00024,0.0466,0.00632,0.87172,0.07511,2e-05
961,Cardiomegaly,Cardiomegaly,0.03859,0.00138,0.00137,0.0046,0.00136,0.9527
962,Nodule,Nodule,0.01931,0.00154,0.04325,0.78062,0.13526,0.02003
963,Normal,Normal,0.87113,0.00957,0.00023,0.00046,0.04767,0.07095
964,Normal,Atelectasis,0.00518,0.18935,0.00276,0.12898,0.67303,0.00071
965,Pneumonia,Pneumonia,0.15952,0.69261,0.06956,0.007,0.02818,0.04312
966,Cardiomegaly,Cardiomegaly,0.07128,0.00072,0.00286,0.00438,0.00095,0.91981
967,Normal,Normal,0.94418,0.02205,0.01482,0.00563,0.00711,0.00621
968,Atelectasis,Atelectasis,0.00934,2e-05,0.07181,0.0293,0.88936,0.00017
969,Pneumonia,Pneumonia,0.0949,0.6658,0.09729,0.10389,0.00254,0.03558
970,Effusion,Effusion,0.05763,0.00924,0.90028,0.00769,0.02068,0.00448
971,Effusion,Effusion,0.01638,0.0173,0.81794,3e-05,0.13329,0.01506
972,Atelectasis,Atelectasis,0.00556,0.02992,0.03595,0.11261,0.81277,0.0032
973,Atelectasis,Effusion,0.01781,0.05727,0.63659,0.19615,0.07065,0.02154
974,Pneumonia,Pneumonia,0.00141,0.82445,0.04778,0.08523,0.00016,0.04098
975,Atelectasis,Atelectasis,0.00094,0.00052,0.0585,0.16151,0.76489,0.01363
976,Normal,Normal,0.92286,0.00755,0.008,0.03051,0.02456,0.00652
977,Effusion,Effusion,0.06891,0.00118,0.8363,0.00091,0.08854,0.00416
978,Normal,Normal,0.95244,0.0117,0.00056,0.02135,0.0094,0.00455
979,Atelectasis,Atelectasis,0.00702,0.03539,0.14438,0.14895,0.66079,0.00346
980,Cardiomegaly,Cardiomegaly,0.04889,0.00016,0.00045,0.01739,0.07478,0.85833
981,Normal,Normal,0.74732,0.06072,0.02129,4e-05,0.14373,0.0269
982,Cardiomegaly,Cardiomegaly,0.0201,0.0163,0.00021,0.01992,0.06764,0.87583
983,Nodule,Atelectasis,0.00189,0.00013,0.02144,0.18901,0.70329,0.08423
984,Nodule,Atelectasis,0.00076,0.01238,0.00011,0.17037,0.81543,0.00096
985,Normal,Normal,0.92385,0.03679,0.00908,0.01011,0.01276,0.00741
986,Pneumonia,Pneumonia,0.0001,0.76934,0.03235,0.12711,0.04728,0.02382
987,Normal,Normal,0.72162,0.22491,0.00269,0.0219,0.01193,0.01695
988,Effusion,Atelectasis,0.08406,0.00253,0.05428,0.13435,0.61675,0.10803
989,Normal,Normal,0.90808,0.00807,0.05697,0.00246,0.00403,0.02039
990,Nodule,Nodule,0.03158,0.0093,0.01043,0.87659,0.0705,0.0016
991,Cardiomegaly,Cardiomegaly,0.00252,0.00428,0.00332,0.01623,0.02721,0.94644
992,Pneumonia,Pneumonia,0.0669,0.85082,0.04342,0.00327,0.03262,0.00296
993,Normal,Normal,0.76285,0.06171,0.0123,0.00026,0.10616,0.05672
994,Nodule,Nodule,0.00039,0.00205,0.00066,0.82883,0.1447,0.02337
995,Normal,Normal,0.84077,0.04562,0.00788,0.01215,0.03764,0.05594
996,Pneumonia,Pneumonia,0.01998,0.83743,0.05146,0.0285,0.00018,0.06245
997,Normal,Normal,0.93409,0.02801,0.01568,0.01497,0.00039,0.00685
998,Normal,Normal,0.86467,0.0246,0.03188,0.00192,0.02095,0.05598
999,Normal,Normal,0.71571,0.17505,0.04022,0.00842,0.05768,0.00291
1000,Effusion,Effusion,0.02513,0.01309,0.88418,0.00776,0.06914,0.0007
1001,Normal,Normal,0.87169,0.05483,0.00349,0.06797,7e-05,0.00195
1002,Cardiomegaly,Cardiomegaly,0.06933,0.01131,1e-05,0.00457,0.00193,0.91286
1003,Normal,Normal,0.68752,0.05278,1e-05,0.04758,0.16168,0.05043
1004,Nodule,Nodule,0.01551,0.00249,0.02903,0.90848,0.04448,0.0
1005,Nodule,Nodule,0.02064,0.02995,0.01421,0.71595,0.21647,0.00278
1006,Cardiomegaly,Cardiomegaly,0.05025,0.01733,0.01245,0.00049,0.00095,0.91852
1007,Pneumonia,Pneumonia,0.0134,0.87457,0.05778,0.05056,0.00366,4e-05
1008,Normal,Normal,0.90056,0.04384,0.00255,0.01921,0.00151,0.03233
1009,Pneumonia,Pneumonia,0.0044,0.85158,0.13725,0.00015,0.00364,0.00299
1010,Atelectasis,Atelectasis,0.0095,0.0025,0.11576,0.07446,0.75194,0.04584
1011,Cardiomegaly,Cardiomegaly,0.01589,0.00116,0.00033,0.00257,0.01907,0.96097
1012,Cardiomegaly,Cardiomegaly,0.04482,0.0074,0.00725,0.0788,0.01953,0.8422
1013,Pneumonia,Pneumonia,0.00363,0.77471,0.17088,0.03263,0.01621,0.00193
1014,Normal,Normal,0.79223,0.04715,0.08734,0.01955,0.00172,0.052
1015,Pneumonia,Pneumonia,0.01949,0.87283,0.0695,0.00457,0.00598,0.02763
1016,Normal,Normal,0.8945,0.02915,0.04623,0.00028,0.02927,0.00058
1017,Normal,Normal,0.87797,0.02585,0.03608,0.03621,0.02181,0.00207
1018,Atelectasis,Nodule,0.03128,0.00117,0.04338,0.76614,0.13776,0.02028
1019,Normal,Normal,0.91285,0.03809,0.01177,0.0312,8e-05,0.00602
1020,Atelectasis,Atelectasis,0.00112,0.01315,0.03125,0.0906,0.83797,0.02591
1021,Normal,Normal,0.82857,0.06155,0.00363,0.0089,0.03336,0.06399
1022,Atelectasis,Nodule,0.00502,0.03654,0.0826,0.71821,0.13302,0.02461
1023,Normal,Normal,0.89751,0.01908,0.02114,0.00374,0.05827,0.00026
1024,Pneumonia,Pneumonia,0.04478,0.80689,0.02898,0.07434,0.01347,0.03153
1025,Atelectasis,Normal,0.70839,0.00037,0.01905,0.14559,0.00154,0.12505
1026,Normal,Normal,0.72445,0.08142,0.04919,0.05959,0.03467,0.05068
1027,Cardiomegaly,Cardiomegaly,0.01855,0.02022,0.01006,0.0,0.00696,0.94421
1028,Pneumonia,Pneumonia,0.0,0.91994,0.07297,0.00598,0.00091,0.0002
1029,Normal,Normal,0.79454,0.0946,0.00607,0.01493,0.08261,0.00725
1030,Effusion,Atelectasis,0.00176,0.01945,0.09895,0.06349,0.80129,0.01505
1031,Effusion,Effusion,0.03857,0.01959,0.75791,0.03847,0.13233,0.01314
1032,Normal,Normal,0.77445,0.02758,0.06202,0.11883,0.00621,0.0109
1033,Atelectasis,Atelectasis,0.09163,0.01475,0.063,0.22142,0.58389,0.02531
1034,Effusion,Effusion,0.18506,0.00386,0.7185,0.00157,0.03089,0.06012
1035,Atelectasis,Atelectasis,0.01257,0.001,0.06963,0.06024,0.65875,0.19781
1036,Atelectasis,Nodule,0.00686,0.01282,0.09802,0.70276,0.1558,0.02374
1037,Cardiomegaly,Cardiomegaly,0.02749,0.01654,0.01982,0.00449,0.00963,0.92202
1038,Pneumonia,Pneumonia,0.0005,0.86162,0.09277,0.00086,0.01794,0.02631
1039,Pneumonia,Pneumonia,0.09408,0.61177,0.27745,0.00461,0.00258,0.00951
1040,Normal,Normal,0.88138,0.00883,0.08488,0.00249,0.02089,0.00153
1041,Pneumonia,Pneumonia,0.00124,0.80284,0.17315,0.00066,0.01544,0.00667
1042,Effusion,Effusion,0.08629,0.00803,0.79406,0.00016,0.10517,0.00629
1043,Normal,Normal,0.90856,0.00928,0.04551,0.02166,0.00201,0.01298
1044,Pneumonia,Pneumonia,0.00454,0.8573,0.08445,3e-05,0.00046,0.05321
1045,Normal,Normal,0.89069,0.04968,0.00476,0.005,0.02379,0.02606
1046,Cardiomegaly,Cardiomegaly,0.02347,0.05773,6e-05,0.02946,0.00342,0.88587
1047,Effusion,Effusion,0.02596,0.00131,0.7773,0.0198,0.12448,0.05115
1048,Effusion,Cardiomegaly,0.00481,0.01472,0.02833,0.00229,0.21318,0.73666
1049,Effusion,Atelectasis,0.00123,0.06832,0.16603,0.04521,0.69671,0.0225
1050,Atelectasis,Atelectasis,0.02152,0.00033,0.24056,0.02225,0.66615,0.04919
1051,Pneumonia,Pneumonia,0.00028,0.7397,0.04821,0.09158,0.05438,0.06586
1052,Normal,Normal,0.92736,0.01931,6e-05,0.01385,0.03322,0.0062
1053,Effusion,Effusion,0.06165,0.02704,0.74681,0.00044,0.12954,0.03452
1054,Atelectasis,Atelectasis,0.09736,0.0176,0.02854,0.04229,0.80231,0.01189
1055,Normal,Normal,0.89357,0.01709,0.05534,0.02282,0.00554,0.00563
1056,Normal,Normal,0.90777,0.06777,0.00491,0.00081,0.00755,0.01119
1057,Normal,Normal,0.92675,0.03922,0.00156,1e-05,0.01517,0.0173
1058,Atelectasis,Atelectasis,0.08566,0.01041,0.20072,0.10081,0.5945,0.00792
1059,Atelectasis,Atelectasis,0.01039,0.1128,0.11291,0.131,0.60388,0.02902
1060,Normal,Normal,0.8512,0.01484,0.0094,2e-05,0.12328,0.00127
1061,Effusion,Effusion,0.05611,0.0008,0.64646,0.02855,0.26803,5e-05
1062,Nodule,Nodule,0.05746,0.00614,0.00718,0.70767,0.21939,0.00216
1063,Normal,Nodule,0.07953,0.0256,0.04152,0.83353,0.01938,0.00044
1064,Effusion,Effusion,0.01284,0.00023,0.84767,0.02962,0.0271,0.08254
1065,Cardiomegaly,Cardiomegaly,0.00821,4e-05,0.07603,0.09614,7e-05,0.81951
1066,Pneumonia,Pneumonia,0.02857,0.90942,0.02321,3e-05,0.03857,0.00019
1067,Atelectasis,Atelectasis,0.00026,0.00945,0.18175,0.00779,0.69375,0.10699
1068,Cardiomegaly,Normal,0.91155,0.02087,0.00058,0.00034,0.06262,0.00405
1069,Cardiomegaly,Normal,0.8308,0.01511,0.04106,0.00195,0.00767,0.1034
1070,Nodule,Nodule,0.0668,0.01696,0.01384,0.78142,0.06606,0.05492
1071,Cardiomegaly,Cardiomegaly,0.07848,0.00998,0.00103,0.05278,0.05988,0.79785
1072,Normal,Normal,0.80208,0.05811,0.02572,0.04951,0.05962,0.00495
1073,Nodule,Nodule,0.01767,0.02032,0.03414,0.70464,0.17842,0.04479
1074,Normal,Normal,0.83954,0.09169,0.02225,6e-05,0.00384,0.04262
1075,Normal,Normal,0.95218,0.0014,0.03095,0.00024,0.0143,0.00094
1076,Normal,Normal,0.80386,0.02226,0.04364,0.04553,0.07314,0.01157
1077,Cardiomegaly,Cardiomegaly,0.04618,0.00805,0.00475,0.18025,0.01883,0.74194
1078,Effusion,Effusion,0.04032,0.03155,0.79437,0.08492,0.02948,0.01937
1079,Cardiomegaly,Cardiomegaly,0.01747,0.0,0.0,0.05933,0.03533,0.88787
1080,Pneumonia,Effusion,3e-05,0.10856,0.84921,0.01088,0.02303,0.00828
1081,Cardiomegaly,Cardiomegaly,0.06808,0.0033,0.00544,0.02362,0.00627,0.89328
1082,Normal,Normal,0.78228,0.10163,0.03956,0.04684,0.02347,0.00621
1083,Normal,Normal,0.82566,0.13474,9e-05,0.02866,0.00352,0.00732
1084,Effusion,Effusion,0.0,0.0097,0.86658,0.03356,0.08315,0.00701
1085,Pneumonia,Pneumonia,0.006,0.70057,0.1294,0.00586,0.08358,0.07459
1086,Normal,Normal,0.89914,0.04378,0.00172,0.02918,0.01977,0.00642
1087,Atelectasis,Normal,0.55404,0.06589,0.10385,0.20921,0.06698,4e-05
1088,Normal,Normal,0.89912,0.03435,0.01297,0.05262,0.00077,0.00017
1089,Normal,Normal,0.85315,0.03549,0.00162,0.01776,0.08915,0.00283
1090,Normal,Pneumonia,0.02336,0.81724,0.00307,0.08172,0.01033,0.06428
1091,Normal,Normal,0.73173,0.08648,0.16865,0.00102,1e-05,0.01211
1092,Normal,Normal,0.79566,0.00769,0.07826,0.00181,0.11233,0.00425
1093,Pneumonia,Pneumonia,0.00847,0.70411,0.28356,8e-05,0.00106,0.00273
1094,Normal,Normal,0.8675,0.00982,0.00765,0.02026,0.05584,0.03894
1095,Normal,Normal,0.90542,0.01639,0.07344,0.00052,0.00311,0.00112
1096,Atelectasis,Atelectasis,0.01087,0.0044,0.19719,0.09131,0.6638,0.03244
1097,Effusion,Effusion,0.00256,0.00796,0.79252,0.03209,0.13962,0.02524
1098,Pneumonia,Pneumonia,4e-05,0.85955,0.08518,0.01121,0.01517,0.02885
1099,Effusion,Pneumonia,0.02908,0.72339,0.02479,0.00493,0.20698,0.01083
1100,Nodule,Nodule,0.00178,0.00218,2e-05,0.78234,0.20373,0.00996
1101,Atelectasis,Atelectasis,0.00018,0.00469,0.24012,0.09337,0.62137,0.04027
1102,Effusion,Effusion,0.00091,0.00092,0.81323,0.00305,0.14056,0.04132
1103,Normal,Normal,0.84967,0.03549,0.00129,0.00267,0.0126,0.09828
1104,Normal,Normal,0.92442,0.07006,0.00043,1e-05,0.00373,0.00134
1105,Pneumonia,Pneumonia,0.12783,0.62163,0.12077,0.00372,0.06041,0.06564
1106,Nodule,Nodule,0.01678,0.00369,0.0746,0.67191,0.1571,0.07591
1107,Atelectasis,Atelectasis,0.00434,0.08084,0.29099,0.04612,0.47393,0.10378
1108,Normal,Nodule,0.00954,0.02444,0.0019,0.93072,0.00843,0.02497
1109,Normal,Normal,0.93251,0.01948,0.03969,0.00333,0.00047,0.00452
1110,Nodule,Nodule,0.00709,0.00738,0.00335,0.88017,0.02493,0.07708
1111,Pneumonia,Pneumonia,0.01591,0.81071,0.02927,0.01396,0.12869,0.00147
1112,Pneumonia,Pneumonia,0.03206,0.64433,0.18787,0.03083,0.02244,0.08246
1113,Cardiomegaly,Atelectasis,0.094,0.02177,0.08774,0.01045,0.76898,0.01705
1114,Nodule,Nodule,0.00351,0.00192,0.07512,0.74628,0.03028,0.14289
1115,Cardiomegaly,Cardiomegaly,0.04639,0.01109,0.02918,1e-05,0.00572,0.90761
1116,Pneumonia,Nodule,6e-05,0.02424,0.35267,0.61256,0.00117,0.0093
1117,Normal,Normal,0.89024,0.05894,0.01514,0.0023,0.03112,0.00226
1118,Pneumonia,Pneumonia,1e-05,0.91642,0.02463,0.05088,0.00643,0.00163
1119,Normal,Normal,0.85975,0.05013,0.01943,0.02009,0.01071,0.03989
1120,Normal,Effusion,0.03083,0.07083,0.85849,0.03046,0.00524,0.00415
1121,Atelectasis,Atelectasis,0.02323,0.00063,0.1031,0.12348,0.74356,0.006
1122,Atelectasis,Atelectasis,0.0326,0.08678,0.02324,0.06872,0.78591,0.00274
1123,Normal,Normal,0.86419,0.053,0.01057,0.03834,0.01557,0.01833
1124,Normal,Atelectasis,0.03578,0.07398,0.03315,0.01881,0.83817,0.00011
1125,Normal,Normal,0.9085,0.0534,0.01993,0.00058,0.00067,0.01691
1126,Effusion,Atelectasis,0.00154,0.04865,0.07383,0.00198,0.87354,0.00045
1127,Effusion,Effusion,0.04772,0.04758,0.79876,0.00163,0.09637,0.00794
1128,Pneumonia,Pneumonia,0.01331,0.84101,0.01128,0.01051,0.08116,0.04272
1129,Effusion,Effusion,0.06065,0.05365,0.83594,3e-05,0.0327,0.01704
1130,Normal,Normal,0.92053,0.02074,0.04489,0.01337,3e-05,0.00044
1131,Atelectasis,Atelectasis,0.00082,0.00074,0.02749,0.1396,0.80988,0.02146
1132,Effusion,Atelectasis,0.00775,0.03385,0.1344,0.0535,0.63332,0.13719
1133,Atelectasis,Atelectasis,0.00031,0.05042,0.11926,0.14609,0.66065,0.02327
1134,Effusion,Effusion,0.01926,0.00795,0.79691,0.00412,0.14541,0.02635
1135,Normal,Normal,0.94866,0.01518,0.01647,0.00165,0.0159,0.00213
1136,Nodule,Nodule,2e-05,0.00154,0.04784,0.89014,0.058,0.00246
1137,Atelectasis,Atelectasis,0.05803,0.00635,0.16414,0.04712,0.61689,0.10747
1138,Cardiomegaly,Cardiomegaly,0.02371,0.05904,0.0018,0.08578,0.08955,0.74012
1139,Normal,Normal,0.89544,0.07531,0.00609,0.00765,0.00055,0.01497
1140,Normal,Normal,0.84808,0.04984,0.06007,0.00289,0.00896,0.03016
1141,Cardiomegaly,Cardiomegaly,0.0389,0.01871,0.01162,0.02702,0.00437,0.89937
1142,Effusion,Effusion,0.01655,0.00471,0.88568,0.00045,0.08826,0.00434
1143,Normal,Normal,0.89025,0.03636,0.00054,0.0002,0.05746,0.01519
1144,Nodule,Nodule,0.02454,0.07135,0.02126,0.77322,0.10458,0.00506
1145,Normal,Normal,0.89449,0.00154,0.00079,0.004,0.08182,0.01735
1146,Cardiomegaly,Cardiomegaly,0.02279,0.00499,0.18148,0.00042,0.02629,0.76403
1147,Effusion,Atelectasis,0.01639,0.00355,0.23224,0.0608,0.65422,0.03281
1148,Normal,Normal,0.83482,0.11569,0.0,0.04664,0.00251,0.00033
1149,Normal,Normal,0.82147,0.04144,0.00343,0.00058,0.09334,0.03974
1150,Atelectasis,Atelectasis,0.0161,4e-05,0.16414,0.13413,0.68535,0.00025
1151,Normal,Normal,0.95941,0.01819,0.00277,0.00711,0.01145,0.00107
1152,Pneumonia,Pneumonia,0.01982,0.90659,0.05602,0.00722,0.00098,0.00937
1153,Normal,Normal,0.89466,0.02252,0.00065,0.02097,0.06001,0.00119
1154,Nodule,Atelectasis,0.00157,0.03068,0.00523,0.05971,0.88172,0.02109
1155,Effusion,Effusion,0.0223,0.01268,0.88692,0.00701,0.06897,0.00213
1156,Effusion,Effusion,0.01159,0.00317,0.80236,0.04725,0.04596,0.08968
1157,Pneumonia,Pneumonia,0.02196,0.7025,0.16768,0.00133,0.00574,0.1008
1158,Normal,Pneumonia,0.02418,0.89806,0.00244,0.00029,0.07476,0.00027
1159,Atelectasis,Atelectasis,0.00536,0.02883,0.03409,0.07786,0.80418,0.04967
1160,Nodule,Atelectasis,0.02664,0.03492,0.00721,0.16703,0.75714,0.00705
1161,Pneumonia,Pneumonia,0.00848,0.94885,0.03356,0.00512,0.00196,0.00203
1162,Atelectasis,Pneumonia,0.00036,0.58227,0.06414,0.23162,0.0863,0.0353
1163,Atelectasis,Atelectasis,0.07003,0.0032,0.11973,0.04493,0.75225,0.00986
1164,Effusion,Effusion,0.07986,0.07526,0.7059,0.01034,0.10616,0.02248
1165,Cardiomegaly,Cardiomegaly,0.00646,0.01874,0.04817,0.03155,0.08084,0.81425
1166,Cardiomegaly,Normal,0.78914,0.00044,0.01387,0.04288,0.06385,0.08982
1167,Nodule,Atelectasis,0.13273,0.25748,6e-05,0.05657,0.55316,0.0
1168,Atelectasis,Atelectasis,0.10961,0.04751,0.13571,0.1031,0.57617,0.0279
1169,Normal,Normal,0.89138,0.05896,0.00083,0.00414,0.02689,0.0178
1170,Normal,Normal,0.81434,0.02339,0.06126,0.046,0.04489,0.01012
1171,Effusion,Effusion,0.00215,0.0008,0.89339,0.07294,0.02915,0.00156
1172,Atelectasis,Atelectasis,0.00285,0.00192,0.10014,0.24677,0.63387,0.01444
1173,Pneumonia,Pneumonia,0.01026,0.85878,0.01624,0.00986,0.08568,0.01918
1174,Normal,Normal,0.89276,0.00825,0.03507,0.0158,0.01815,0.02997
1175,Normal,Normal,0.91117,0.04107,0.01656,0.02983,0.00092,0.00045
1176,Cardiomegaly,Cardiomegaly,0.09178,0.07077,0.00019,0.0406,0.00031,0.79635
1177,Atelectasis,Atelectasis,0.05535,0.07671,0.09998,0.09198,0.67145,0.00453
1178,Pneumonia,Pneumonia,0.00036,0.83954,0.12727,0.02403,0.00703,0.00176
1179,Effusion,Effusion,0.00687,0.05991,0.6821,0.04735,0.06412,0.13965
1180,Cardiomegaly,Normal,0.84692,0.00059,0.00144,0.00676,0.02354,0.12076
1181,Cardiomegaly,Cardiomegaly,0.1762,1e-05,0.02443,0.03536,0.05022,0.71379
1182,Normal,Normal,0.81461,0.13505,0.00036,0.048,8e-05,0.00191
1183,Normal,Normal,0.79191,0.12548,0.00018,0.05404,0.01422,0.01417
1184,Normal,Normal,0.92132,0.05971,9e-05,0.00065,0.00906,0.00917
1185,Normal,Normal,0.8976,0.0462,0.00723,0.01865,0.00187,0.02845
1186,Nodule,Nodule,0.06241,0.03601,0.17485,0.62587,0.09924,0.00162
1187,Cardiomegaly,Atelectasis,0.1464,2e-05,0.00278,0.00725,0.8252,0.01835
1188,Normal,Normal,0.79695,0.03503,0.04403,0.07718,0.03697,0.00984
1189,Nodule,Nodule,0.12125,0.05461,0.01758,0.63602,0.17053,0.0
1190,Atelectasis,Nodule,0.00066,0.0018,0.25363,0.54672,0.19011,0.00707
1191,Pneumonia,Pneumonia,0.03319,0.81786,0.03074,0.03498,0.04475,0.03849
1192,Normal,Normal,0.90067,0.03374,0.00071,0.0,0.00247,0.0624
1193,Atelectasis,Nodule,2e-05,0.04318,0.10382,0.68412,0.16774,0.00112
1194,Normal,Normal,0.74894,0.10595,0.03052,0.04568,0.06122,0.00769
1195,Nodule,Nodule,0.00033,0.01062,0.00019,0.88123,0.08746,0.02019
1196,Normal,Normal,0.93843,0.01289,0.01841,0.0,0.00599,0.02428
1197,Pneumonia,Pneumonia,0.1074,0.80371,0.07142,0.00352,0.00309,0.01086
1198,Nodule,Nodule,0.0359,0.02583,0.10723,0.6635,0.16081,0.00673
1199,Pneumonia,Pneumonia,0.00012,0.95002,0.03484,0.01224,0.00244,0.00034
1200,Pneumonia,Pneumonia,9e-05,0.93372,0.02113,0.01921,0.00261,0.02324
1201,Atelectasis,Atelectasis,6e-05,0.01746,0.18351,0.27142,0.52744,0.00011
1202,Atelectasis,Atelectasis,0.11804,0.20453,0.05085,0.05355,0.52502,0.048
1203,Nodule,Atelectasis,0.01484,0.01884,0.05832,0.07062,0.83675,0.00063
1204,Atelectasis,Atelectasis,0.03048,0.07309,0.09414,0.05216,0.7223,0.02782
1205,Normal,Normal,0.86575,0.04519,0.03672,0.00258,0.04678,0.00298
1206,Atelectasis,Atelectasis,0.00485,0.0649,0.18826,0.11084,0.61284,0.01831
1207,Pneumonia,Pneumonia,0.00205,0.83971,0.08665,0.00156,0.00067,0.06937
1208,Effusion,Effusion,0.00384,0.01834,0.84057,0.00028,0.11087,0.0261
1209,Nodule,Nodule,0.02266,0.01697,0.00017,0.57091,0.38812,0.00118
1210,Atelectasis,Atelectasis,0.25334,0.00783,0.28029,0.0251,0.43238,0.00106
1211,Nodule,Nodule,5e-05,0.01813,0.20036,0.69099,0.07735,0.01312
1212,Pneumonia,Pneumonia,0.02715,0.82054,0.12936,0.01855,0.00429,0.00012
1213,Atelectasis,Nodule,0.02869,0.04343,0.11366,0.62139,0.19206,0.00077
1214,Effusion,Effusion,0.00617,0.05074,0.82576,0.01039,0.10638,0.00056
1215,Effusion,Atelectasis,0.03928,0.04163,0.27266,0.0168,0.62914,0.00049
1216,Pneumonia,Pneumonia,0.01065,0.84615,0.08429,0.02171,0.037,0.0002
1217,Nodule,Nodule,0.05599,0.00626,0.00058,0.83046,0.08914,0.01757
1218,Normal,Normal,0.89996,0.02041,0.05449,0.01164,0.0004,0.0131
1219,Pneumonia,Pneumonia,0.02087,0.80085,0.00843,0.09313,0.04378,0.03295
1220,Cardiomegaly,Cardiomegaly,0.01011,0.00219,0.10381,0.00012,0.00115,0.88262
1221,Pneumonia,Pneumonia,0.0067,0.79607,0.15044,0.03444,0.01081,0.00154
1222,Atelectasis,Atelectasis,0.00046,0.01524,0.11029,0.23035,0.64342,0.00024
1223,Effusion,Atelectasis,0.00177,0.11495,0.13005,0.00354,0.74968,1e-05
1224,Nodule,Nodule,0.00017,0.01773,0.02433,0.91157,0.04619,1e-05
1225,Normal,Normal,0.80487,0.14515,0.01825,0.0244,0.00124,0.00609
1226,Normal,Normal,0.77664,0.00373,0.05174,0.00189,0.00777,0.15822
1227,Atelectasis,Atelectasis,0.0035,0.05524,0.13297,0.09779,0.70146,0.00905
1228,Atelectasis,Atelectasis,0.03746,0.04562,0.07715,0.16023,0.56654,0.113
1229,Normal,Normal,0.80407,0.05762,2e-05,0.00104,0.13593,0.00131
1230,Pneumonia,Pneumonia,0.0017,0.78571,0.07825,0.05311,0.0006,0.08063
1231,Normal,Normal,0.89394,0.038,0.0367,0.0022,0.02521,0.00395
1232,Cardiomegaly,Normal,0.83974,1e-05,0.01091,0.04949,0.01023,0.08962
1233,Atelectasis,Cardiomegaly,2e-05,0.04199,0.19509,0.06643,0.06644,0.63002
1234,Cardiomegaly,Cardiomegaly,0.0613,0.0058,0.01683,0.02321,0.10488,0.78797
1235,Normal,Normal,0.92583,0.00693,0.00586,0.00243,0.02942,0.02952
1236,Nodule,Nodule,0.01782,0.019,0.01889,0.88804,0.0356,0.02065
1237,Atelectasis,Atelectasis,0.01385,1e-05,0.07556,0.11709,0.72742,0.06607
1238,Effusion,Effusion,0.00818,0.03317,0.68858,0.0238,0.1492,0.09706
1239,Atelectasis,Nodule,0.0017,0.03189,0.13566,0.7734,0.04566,0.01168
1240,Normal,Nodule,0.04266,0.08612,0.01137,0.82484,0.01615,0.01887
1241,Normal,Normal,0.80042,0.09658,0.00114,0.02148,0.03521,0.04517
1242,Normal,Normal,0.96573,0.00858,9e-05,0.00921,0.00637,0.01001
1243,Nodule,Nodule,0.0123,0.01978,0.02434,0.81167,0.13054,0.00137
1244,Normal,Normal,0.73076,0.00468,0.0528,0.00131,0.17982,0.03063
1245,Normal,Normal,0.79171,0.12093,0.0,0.00149,0.00933,0.07654
1246,Pneumonia,Pneumonia,0.01228,0.9138,0.03282,0.01702,0.01372,0.01037
1247,Cardiomegaly,Cardiomegaly,0.02902,0.03531,0.0012,0.00021,0.01876,0.9155
1248,Pneumonia,Pneumonia,0.00041,0.81525,0.0155,0.03056,0.08624,0.05204
1249,Atelectasis,Atelectasis,0.00103,0.0304,0.20272,0.03499,0.72849,0.00238
1250,Atelectasis,Atelectasis,0.10332,0.03671,0.02689,0.11117,0.70133,0.02058
1251,Nodule,Nodule,0.07783,0.01086,0.05533,0.77267,0.05344,0.02987
1252,Nodule,Nodule,0.00855,0.02973,0.00105,0.85836,0.08802,0.01429
1253,Normal,Normal,0.77113,0.12267,0.00131,0.02445,0.00674,0.0737
1254,Atelectasis,Atelectasis,0.09526,0.00045,0.08742,0.13221,0.68138,0.00328
1255,Normal,Normal,0.83813,0.0634,0.00115,0.03442,0.04735,0.01556
1256,Effusion,Normal,0.85368,0.01776,0.02695,0.02668,0.07481,0.00012
1257,Normal,Pneumonia,0.03592,0.74703,0.01884,0.00569,0.14952,0.043
1258,Atelectasis,Atelectasis,0.00103,0.01032,0.14109,0.14201,0.6674,0.03816
1259,Cardiomegaly,Cardiomegaly,0.04841,0.00475,0.01119,0.00636,0.03971,0.88958
1260,Cardiomegaly,Cardiomegaly,0.01653,0.02417,0.00225,0.0946,0.08993,0.77254
1261,Atelectasis,Atelectasis,0.10313,0.08234,0.06337,0.13726,0.60623,0.00768
1262,Normal,Normal,0.80817,0.07758,0.05915,0.00545,0.02973,0.01991
1263,Normal,Normal,0.8483,0.09367,0.02908,0.01302,0.01591,3e-05
1264,Pneumonia,Pneumonia,0.01192,0.92332,0.06047,0.0,0.00393,0.00035
1265,Normal,Normal,0.80388,0.03332,0.03398,0.00534,0.06568,0.05779
1266,Pneumonia,Pneumonia,0.02199,0.88766,0.06055,0.00019,0.02722,0.0024
1267,Pneumonia,Effusion,0.01196,0.07338,0.84059,0.01543,0.00629,0.05235
1268,Normal,Atelectasis,0.02965,0.14115,0.01723,0.02738,0.78358,0.001
1269,Pneumonia,Pneumonia,0.01124,0.90436,0.03753,0.00981,0.0,0.03706
1270,Normal,Normal,0.72164,0.12517,0.10295,0.02716,0.00109,0.02198
1271,Pneumonia,Pneumonia,0.00166,0.85139,0.06474,0.02548,0.03927,0.01745
1272,Nodule,Nodule,0.00461,0.05029,6e-05,0.81532,0.12452,0.0052
1273,Effusion,Effusion,0.0001,0.01116,0.78675,0.00221,0.1757,0.02407
1274,Atelectasis,Atelectasis,0.02698,0.00957,0.15101,0.18417,0.6086,0.01966
1275,Pneumonia,Pneumonia,0.00193,0.75953,0.08748,0.00511,0.11624,0.02971
1276,Effusion,Effusion,0.0609,0.00078,0.88661,0.00168,0.01075,0.03928
1277,Pneumonia,Pneumonia,0.08557,0.73839,0.06328,0.00441,0.02069,0.08766
1278,Pneumonia,Pneumonia,0.0268,0.89984,0.03826,0.02655,0.00734,0.00121
1279,Atelectasis,Atelectasis,0.01087,0.01661,0.29819,0.14378,0.50989,0.02066
1280,Pneumonia,Pneumonia,0.00927,0.96057,0.00174,0.0,0.00075,0.02767
1281,Normal,Normal,0.87449,0.01647,0.00606,0.05696,0.00456,0.04145
1282,Normal,Normal,0.81616,0.02219,0.01346,0.07439,0.07186,0.00193
1283,Nodule,Nodule,0.00839,7e-05,0.00826,0.67394,0.2183,0.09104
1284,Normal,Normal,0.87274,0.02097,0.01761,0.02777,0.05355,0.00736
1285,Cardiomegaly,Cardiomegaly,0.03356,0.00868,0.04145,0.03257,0.0326,0.85115
1286,Effusion,Effusion,0.02682,0.08664,0.56794,0.00926,0.10367,0.20567
1287,Normal,Normal,0.89243,0.02977,0.02086,0.03203,0.01352,0.01139
1288,Effusion,Atelectasis,0.00038,0.02631,0.07791,0.00158,0.89106,0.00276
1289,Pneumonia,Cardiomegaly,0.02805,0.10227,0.08971,0.05307,0.07291,0.65399
1290,Cardiomegaly,Cardiomegaly,0.00171,0.00322,0.06013,0.03418,0.00047,0.90028
1291,Normal,Normal,0.97505,0.00137,0.00549,5e-05,0.01233,0.00571
1292,Normal,Normal,0.81214,0.04584,0.07496,0.00126,0.06023,0.00556
1293,Nodule,Nodule,0.00035,0.03889,0.00359,0.93527,0.0114,0.01049
1294,Normal,Normal,0.82116,0.06729,0.00446,0.00221,0.01685,0.08804
1295,Effusion,Effusion,0.0111,0.03383,0.78987,1e-05,0.16295,0.00222
1296,Cardiomegaly,Cardiomegaly,0.01318,0.02639,0.01596,0.01472,0.00653,0.92322
1297,Normal,Normal,0.80939,0.05891,0.04784,0.02697,0.01556,0.04132
1298,Normal,Normal,0.91413,0.00394,0.02811,0.02713,0.01024,0.01644
1299,Pneumonia,Pneumonia,0.00557,0.8872,0.03964,0.0088,0.05177,0.00703
1300,Pneumonia,Pneumonia,0.05375,0.81396,0.03088,0.00654,0.00894,0.08594
1301,Pneumonia,Pneumonia,0.04693,0.78293,0.0661,0.00157,0.00046,0.10202
1302,Nodule,Atelectasis,0.03361,0.00111,0.01479,0.18403,0.75671,0.00975
1303,Normal,Normal,0.93887,0.04895,0.00032,0.00577,0.00556,0.00054
1304,Effusion,Effusion,0.07171,0.0112,0.86274,0.01241,0.03833,0.00361
1305,Normal,Normal,0.87826,0.00125,0.00743,0.0072,0.03139,0.07447
1306,Effusion,Effusion,0.00086,0.00374,0.88046,0.00037,0.11264,0.00193
1307,Pneumonia,Pneumonia,0.00952,0.67263,0.1281,0.00169,0.18806,0.0
1308,Normal,Normal,0.67378,0.12923,0.04512,0.13631,0.00067,0.0149
1309,Normal,Normal,0.80498,0.1225,0.03736,0.00397,0.01073,0.02045
1310,Pneumonia,Pneumonia,9e-05,0.91195,0.02099,0.04029,0.02256,0.00412
1311,Normal,Normal,0.6463,0.04786,0.142,0.11727,0.04616,0.0004
1312,Normal,Normal,0.86109,0.00663,0.03368,0.05634,0.00316,0.0391
1313,Effusion,Effusion,0.13281,0.04974,0.65206,0.01449,0.08059,0.07031
1314,Pneumonia,Pneumonia,1e-05,0.85121,0.02445,0.00884,0.00363,0.11186
1315,Normal,Normal,0.67977,0.08012,0.02444,0.1021,0.1056,0.00798
1316,Cardiomegaly,Cardiomegaly,0.04632,0.02218,0.03984,0.02919,0.02872,0.83375
1317,Pneumonia,Effusion,1e-05,0.02167,0.97204,0.00043,0.0,0.00585
1318,Pneumonia,Pneumonia,0.02072,0.84881,0.10889,0.00478,0.01013,0.00668
1319,Cardiomegaly,Pneumonia,0.0736,0.75211,0.01706,0.00586,0.1449,0.00647
1320,Normal,Normal,0.71532,0.20312,0.05303,0.00333,0.0054,0.01979
1321,Pneumonia,Pneumonia,0.0166,0.86314,0.11346,0.0005,0.00608,0.00022
1322,Nodule,Nodule,0.00037,0.05193,0.07615,0.70023,0.17059,0.00072
1323,Pneumonia,Pneumonia,0.00612,0.851,0.12811,0.00344,0.0102,0.00113
1324,Nodule,Nodule,0.03201,0.00129,0.00119,0.8121,0.1181,0.03532
1325,Normal,Normal,0.81367,0.15199,0.00774,0.003,0.00836,0.01523
1326,Normal,Pneumonia,0.00498,0.79412,0.06504,0.00867,0.05334,0.07385
1327,Atelectasis,Atelectasis,0.04106,0.01561,0.0827,0.11535,0.74494,0.00033
1328,Cardiomegaly,Cardiomegaly,0.0354,0.00202,0.01083,0.00743,0.02627,0.91805
1329,Nodule,Nodule,0.00323,0.00954,0.01316,0.74297,0.20264,0.02846
1330,Atelectasis,Nodule,0.14338,0.04031,0.0188,0.45818,0.33776,0.00157
1331,Pneumonia,Pneumonia,4e-05,0.84658,0.10916,0.00011,0.00713,0.03698
1332,Atelectasis,Effusion,0.0108,0.09797,0.66416,0.12698,0.0856,0.01449
1333,Atelectasis,Atelectasis,0.01333,0.14697,0.06955,0.15423,0.59589,0.02002
1334,Cardiomegaly,Cardiomegaly,0.03699,0.00148,0.03308,0.01257,0.01924,0.89665
1335,Normal,Normal,0.802,0.0074,0.03415,0.1443,0.00987,0.00227
1336,Effusion,Atelectasis,0.0121,0.00955,0.13067,0.00672,0.82049,0.02048
1337,Atelectasis,Effusion,0.06302,0.0573,0.68375,0.14727,0.04745,0.00121
1338,Normal,Normal,0.87837,0.03606,0.00442,0.0162,0.05172,0.01322
1339,Normal,Normal,0.65003,0.27971,0.00742,0.02822,0.03269,0.00193
1340,Cardiomegaly,Normal,0.81284,0.00368,0.01217,0.01066,0.05269,0.10797
1341,Pneumonia,Pneumonia,0.00286,0.74549,0.16977,0.00593,0.05579,0.02016
1342,Nodule,Nodule,0.03817,0.01375,0.02101,0.85853,0.06435,0.00418
1343,Normal,Normal,0.80906,0.00875,0.01005,0.00066,0.00819,0.16329
1344,Effusion,Effusion,0.10454,0.00044,0.8307,0.01333,0.04869,0.00231
1345,Effusion,Effusion,0.05705,0.01865,0.78814,0.00882,0.02537,0.10197
1346,Atelectasis,Atelectasis,0.00017,0.00385,0.08499,0.22627,0.57017,0.11455
1347,Pneumonia,Effusion,0.04873,0.079,0.68702,0.07513,0.08721,0.02291
1348,Normal,Normal,0.87547,0.0346,0.03515,0.02942,0.01685,0.00852
1349,Normal,Normal,0.82629,0.085,0.00328,0.00104,0.05712,0.02727
1350,Effusion,Effusion,0.01221,0.01104,0.84143,0.0762,0.05625,0.00287
1351,Normal,Normal,0.89186,0.03528,0.00079,0.03138,0.00104,0.03965
1352,Normal,Normal,0.76991,0.02672,0.0,0.07154,0.06052,0.07131
1353,Pneumonia,Pneumonia,0.00466,0.62189,0.30301,0.0,0.02009,0.05034
1354,Normal,Normal,0.68967,0.06566,0.0024,0.0006,0.0572,0.18448
1355,Nodule,Nodule,0.01731,0.00248,0.01199,0.86635,0.08246,0.01942
1356,Pneumonia,Normal,0.78015,0.02803,0.06997,0.07979,0.00041,0.04165
1357,Pneumonia,Pneumonia,0.05215,0.70869,0.07518,0.00367,0.00516,0.15515
1358,Pneumonia,Pneumonia,0.00539,0.86253,0.08498,0.00254,0.01777,0.02678
1359,Normal,Normal,0.78406,0.0439,0.00744,0.08405,0.07608,0.00447
1360,Normal,Effusion,0.0021,0.04075,0.86537,0.01669,0.0355,0.0396
1361,Atelectasis,Atelectasis,3e-05,0.00856,0.03518,0.41395,0.5124,0.02988
1362,Pneumonia,Pneumonia,0.02951,0.88305,0.05452,0.00299,0.02692,0.00302
1363,Pneumonia,Normal,0.69113,0.00286,0.08508,0.06348,0.15589,0.00156
1364,Nodule,Nodule,0.00215,0.00549,0.03166,0.86253,0.07465,0.02352
1365,Effusion,Effusion,0.00971,0.00235,0.89189,0.04321,0.05214,0.0007
1366,Pneumonia,Pneumonia,0.03129,0.79858,0.14755,0.00265,0.00657,0.01336
1367,Normal,Pneumonia,0.01384,0.88685,0.06123,0.00288,0.03213,0.00309
1368,Normal,Normal,0.9034,0.03435,0.00366,0.05098,0.00703,0.00057
1369,Atelectasis,Nodule,0.00189,0.00043,0.06781,0.81047,0.11684,0.00255
1370,Pneumonia,Pneumonia,0.06553,0.82197,0.06586,0.02774,0.00877,0.01013
1371,Cardiomegaly,Cardiomegaly,0.22952,0.00404,0.00061,0.00015,0.03732,0.72836
1372,Pneumonia,Pneumonia,0.03202,0.67505,0.21382,0.00146,0.03224,0.0454
1373,Normal,Normal,0.90852,0.03219,0.0235,0.0002,0.0213,0.01429
1374,Cardiomegaly,Cardiomegaly,0.20685,0.01506,0.02055,0.01586,0.04242,0.69925
1375,Effusion,Effusion,0.08498,0.05541,0.59355,0.04632,0.11577,0.10397
1376,Normal,Normal,0.7841,0.12327,0.0469,5e-05,0.02825,0.01742
1377,Pneumonia,Pneumonia,0.0245,0.74561,0.05689,0.06801,0.09647,0.00852
1378,Pneumonia,Pneumonia,0.00281,0.93377,0.04482,0.00615,0.00962,0.00283
1379,Atelectasis,Nodule,0.0125,0.00029,0.07851,0.72332,0.18519,0.00018
1380,Effusion,Effusion,0.00834,0.06388,0.77199,0.02426,0.05473,0.0768
1381,Normal,Normal,0.91484,0.00464,0.02031,0.03762,0.01842,0.00417
1382,Atelectasis,Atelectasis,0.00776,0.04075,0.13227,0.25856,0.55931,0.00134
1383,Effusion,Effusion,0.00311,0.00061,0.9125,0.00207,0.07336,0.00835
1384,Nodule,Nodule,0.06188,0.00793,2e-05,0.77662,0.15308,0.00046
1385,Nodule,Nodule,0.01165,0.04216,0.00108,0.77472,0.07688,0.09351
1386,Pneumonia,Pneumonia,0.00738,0.86369,0.11155,0.01645,0.00086,7e-05
1387,Nodule,Nodule,0.0,0.00527,0.00011,0.84811,0.14235,0.00416
1388,Atelectasis,Effusion,0.01519,0.01184,0.7871,0.10042,0.08333,0.00212
1389,Normal,Normal,0.95051,0.03589,0.00241,0.00469,0.00368,0.00281
1390,Atelectasis,Atelectasis,0.02106,0.05882,0.0512,0.11056,0.6747,0.08366
1391,Effusion,Effusion,0.03573,0.01678,0.78528,0.05836,0.0676,0.03625
1392,Atelectasis,Atelectasis,0.14064,0.03303,0.01404,0.2471,0.54304,0.02215
1393,Pneumonia,Pneumonia,0.00708,0.85487,0.02279,0.02329,0.08014,0.01182
1394,Nodule,Nodule,0.01952,0.09679,0.01807,0.69487,0.15035,0.02039
1395,Effusion,Effusion,0.07327,0.07849,0.6419,0.00026,0.18111,0.02498
1396,Effusion,Effusion,0.00607,0.01273,0.80887,0.03943,0.10966,0.02325
1397,Pneumonia,Atelectasis,0.04127,0.00106,0.07633,0.04375,0.82667,0.01093
1398,Effusion,Effusion,0.11209,0.0001,0.67951,0.02746,0.11296,0.06787
1399,Nodule,Nodule,0.00169,0.00148,0.04638,0.55824,0.33878,0.05343
