model,seed,epoch,split,loss,accuracy,lr
ResNet-50,0,1,train,2.12238,0.45651,0.001
ResNet-50,0,2,train,1.91394,0.50587,0.001
ResNet-50,0,3,train,1.70597,0.54914,0.001
ResNet-50,0,4,train,1.54728,0.57541,0.001
ResNet-50,0,5,train,1.38779,0.60722,0.001
ResNet-50,0,6,train,1.23833,0.63262,0.001
ResNet-50,0,7,train,1.13816,0.65905,0.001
ResNet-50,0,8,train,1.00647,0.6796,0.001
ResNet-50,0,9,train,0.9076,0.70095,0.001
ResNet-50,0,10,train,0.85433,0.7246,0.001
ResNet-50,0,11,train,0.77806,0.7446,0.001
ResNet-50,0,12,train,0.64559,0.7635,0.001
ResNet-50,0,13,train,0.61646,0.76582,0.001
ResNet-50,0,14,train,0.55909,0.79143,0.001
ResNet-50,0,15,train,0.51244,0.80046,0.001
ResNet-50,0,16,train,0.45679,0.81502,0.001
ResNet-50,0,17,train,0.42523,0.83465,0.001
ResNet-50,0,18,train,0.38687,0.83044,0.001
ResNet-50,0,19,train,0.3326,0.84598,0.001
ResNet-50,0,20,train,0.30381,0.84558,0.001
ResNet-50,0,21,train,0.2939,0.85327,0.001
ResNet-50,0,22,train,0.27832,0.86748,0.001
ResNet-50,0,23,train,0.24197,0.87897,0.001
ResNet-50,0,24,train,0.20333,0.87247,0.001
ResNet-50,0,25,train,0.20465,0.89334,0.0003
ResNet-50,0,26,train,0.19662,0.88557,0.0003
ResNet-50,0,27,train,0.1722,0.89225,0.0003
ResNet-50,0,28,train,0.15524,0.90749,0.0003
ResNet-50,0,29,train,0.1427,0.90904,0.0003
ResNet-50,0,30,train,0.14104,0.90501,0.0003
ResNet-50,0,31,train,0.148,0.92111,0.0003
ResNet-50,0,32,train,0.12575,0.90669,0.0003
ResNet-50,0,33,train,0.12416,0.91925,0.0003
ResNet-50,0,34,train,0.11207,0.92403,0.0003
ResNet-50,0,35,train,0.10372,0.9228,0.0003
ResNet-50,0,36,train,0.11214,0.92329,0.0003
ResNet-50,0,37,train,0.08147,0.92405,0.0003
ResNet-50,0,38,train,0.10173,0.92643,0.0003
ResNet-50,0,39,train,0.0955,0.93024,0.0003
ResNet-50,0,40,train,0.10521,0.93998,0.0001
ResNet-50,0,41,train,0.08513,0.94151,0.0001
ResNet-50,0,42,train,0.06395,0.93777,0.0001
ResNet-50,0,43,train,0.09353,0.94086,0.0001
ResNet-50,0,44,train,0.07829,0.94091,0.0001
ResNet-50,0,45,train,0.07983,0.93425,0.0001
ResNet-50,0,46,train,0.07327,0.94062,0.0001
ResNet-50,0,47,train,0.05708,0.9497,0.0001
ResNet-50,0,48,train,0.07241,0.94503,0.0001
ResNet-50,0,49,train,0.0665,0.9581,0.0001
ResNet-50,0,50,train,0.04243,0.93772,0.0001
ResNet-50,0,51,train,0.05718,0.94773,0.0001
ResNet-50,0,52,train,0.04733,0.94108,3e-05
ResNet-50,0,53,train,0.07396,0.94824,3e-05
ResNet-50,0,54,train,0.04736,0.9588,3e-05
ResNet-50,0,55,train,0.07205,0.9533,3e-05
ResNet-50,0,56,train,0.04505,0.95688,3e-05
ResNet-50,0,57,train,0.08511,0.94658,3e-05
ResNet-50,0,58,train,0.04553,0.94552,3e-05
ResNet-50,0,59,train,0.04358,0.93718,3e-05
ResNet-50,0,60,train,0.05644,0.94878,3e-05
ResNet-50,0,1,val,2.20404,0.45606,0.001
ResNet-50,0,2,val,2.02322,0.50516,0.001
ResNet-50,0,3,val,1.88001,0.54238,0.001
ResNet-50,0,4,val,1.71319,0.57188,0.001
ResNet-50,0,5,val,1.55098,0.6025,0.001
ResNet-50,0,6,val,1.4381,0.62486,0.001
ResNet-50,0,7,val,1.34951,0.65113,0.001
ResNet-50,0,8,val,1.2156,0.67463,0.001
ResNet-50,0,9,val,1.09543,0.6925,0.001
ResNet-50,0,10,val,1.00057,0.71659,0.001
ResNet-50,0,11,val,0.90937,0.73389,0.001
ResNet-50,0,12,val,0.89042,0.75047,0.001
ResNet-50,0,13,val,0.82721,0.75558,0.001
ResNet-50,0,14,val,0.74763,0.78046,0.001
ResNet-50,0,15,val,0.71469,0.78298,0.001
ResNet-50,0,16,val,0.67293,0.80011,0.001
ResNet-50,0,17,val,0.61157,0.81548,0.001
ResNet-50,0,18,val,0.57442,0.81485,0.001
ResNet-50,0,19,val,0.52835,0.82429,0.001
ResNet-50,0,20,val,0.48639,0.83125,0.001
ResNet-50,0,21,val,0.45832,0.8331,0.001
ResNet-50,0,22,val,0.45461,0.84803,0.001
ResNet-50,0,23,val,0.42336,0.85889,0.001
ResNet-50,0,24,val,0.37609,0.85422,0.001
ResNet-50,0,25,val,0.35087,0.87732,0.0003
ResNet-50,0,26,val,0.3385,0.86092,0.0003
ResNet-50,0,27,val,0.31201,0.86882,0.0003
ResNet-50,0,28,val,0.31462,0.88775,0.0003
ResNet-50,0,29,val,0.30439,0.88796,0.0003
ResNet-50,0,30,val,0.29034,0.88176,0.0003
ResNet-50,0,31,val,0.2495,0.89747,0.0003
ResNet-50,0,32,val,0.26678,0.89191,0.0003
ResNet-50,0,33,val,0.22464,0.89867,0.0003
ResNet-50,0,34,val,0.19588,0.90059,0.0003
ResNet-50,0,35,val,0.22065,0.89753,0.0003
ResNet-50,0,36,val,0.23213,0.89488,0.0003
ResNet-50,0,37,val,0.24541,0.89911,0.0003
ResNet-50,0,38,val,0.20508,0.90313,0.0003
ResNet-50,0,39,val,0.18298,0.90861,0.0003
ResNet-50,0,40,val,0.19396,0.91831,0.0001
ResNet-50,0,41,val,0.18327,0.91468,0.0001
ResNet-50,0,42,val,0.21448,0.90845,0.0001
ResNet-50,0,43,val,0.20374,0.91267,0.0001
ResNet-50,0,44,val,0.16589,0.9156,0.0001
ResNet-50,0,45,val,0.12969,0.90858,0.0001
ResNet-50,0,46,val,0.15978,0.91729,0.0001
ResNet-50,0,47,val,0.13747,0.9209,0.0001
ResNet-50,0,48,val,0.14215,0.91197,0.0001
ResNet-50,0,49,val,0.18692,0.92906,0.0001
ResNet-50,0,50,val,0.15875,0.91469,0.0001
ResNet-50,0,51,val,0.12627,0.91606,0.0001
ResNet-50,0,52,val,0.13316,0.91195,3e-05
ResNet-50,0,53,val,0.10608,0.92342,3e-05
ResNet-50,0,54,val,0.14203,0.92813,3e-05
ResNet-50,0,55,val,0.15287,0.92439,3e-05
ResNet-50,0,56,val,0.13839,0.93412,3e-05
ResNet-50,0,57,val,0.1602,0.92049,3e-05
ResNet-50,0,58,val,0.15026,0.92051,3e-05
ResNet-50,0,59,val,0.13965,0.91502,3e-05
ResNet-50,0,60,val,0.15123,0.92278,3e-05
ResNet-50,1,1,train,2.16202,0.45366,0.001
ResNet-50,1,2,train,1.96157,0.49558,0.001
ResNet-50,1,3,train,1.76785,0.51455,0.001
ResNet-50,1,4,train,1.63887,0.55764,0.001
ResNet-50,1,5,train,1.49896,0.58668,0.001
ResNet-50,1,6,train,1.36088,0.60818,0.001
ResNet-50,1,7,train,1.25287,0.6446,0.001
ResNet-50,1,8,train,1.14097,0.65455,0.001
ResNet-50,1,9,train,1.06045,0.68503,0.001
ResNet-50,1,10,train,0.95356,0.69486,0.001
ResNet-50,1,11,train,0.8916,0.7134,0.001
ResNet-50,1,12,train,0.80743,0.73137,0.001
ResNet-50,1,13,train,0.73151,0.75285,0.001
ResNet-50,1,14,train,0.6948,0.76845,0.001
ResNet-50,1,15,train,0.62148,0.76977,0.001
ResNet-50,1,16,train,0.5568,0.78582,0.001
ResNet-50,1,17,train,0.52657,0.80692,0.001
ResNet-50,1,18,train,0.4719,0.80954,0.001
ResNet-50,1,19,train,0.44103,0.82776,0.001
ResNet-50,1,20,train,0.3922,0.83508,0.001
ResNet-50,1,21,train,0.36079,0.83856,0.001
ResNet-50,1,22,train,0.34369,0.84627,0.001
ResNet-50,1,23,train,0.33867,0.85965,0.001
ResNet-50,1,24,train,0.30257,0.85763,0.001
ResNet-50,1,25,train,0.26117,0.8616,0.0003
ResNet-50,1,26,train,0.25677,0.86824,0.0003
ResNet-50,1,27,train,0.23328,0.8846,0.0003
ResNet-50,1,28,train,0.20068,0.88275,0.0003
ResNet-50,1,29,train,0.20816,0.89077,0.0003
ResNet-50,1,30,train,0.18245,0.89059,0.0003
ResNet-50,1,31,train,0.17971,0.89158,0.0003
ResNet-50,1,32,train,0.15683,0.90192,0.0003
ResNet-50,1,33,train,0.13533,0.91677,0.0003
ResNet-50,1,34,train,0.15493,0.91756,0.0003
ResNet-50,1,35,train,0.12524,0.9041,0.0003
ResNet-50,1,36,train,0.1077,0.91365,0.0003
ResNet-50,1,37,train,0.14486,0.92287,0.0003
ResNet-50,1,38,train,0.09951,0.91902,0.0003
ResNet-50,1,39,train,0.1171,0.91787,0.0003
ResNet-50,1,40,train,0.09853,0.93294,0.0001
ResNet-50,1,41,train,0.10385,0.92834,0.0001
ResNet-50,1,42,train,0.1111,0.92602,0.0001
ResNet-50,1,43,train,0.11025,0.93711,0.0001
ResNet-50,1,44,train,0.07206,0.93105,0.0001
ResNet-50,1,45,train,0.10127,0.94418,0.0001
ResNet-50,1,46,train,0.08125,0.93285,0.0001
ResNet-50,1,47,train,0.08957,0.94427,0.0001
ResNet-50,1,48,train,0.09678,0.94478,0.0001
ResNet-50,1,49,train,0.06085,0.93039,0.0001
ResNet-50,1,50,train,0.0866,0.94789,0.0001
ResNet-50,1,51,train,0.06725,0.94337,0.0001
ResNet-50,1,52,train,0.07228,0.94288,3e-05
ResNet-50,1,53,train,0.05363,0.95334,3e-05
ResNet-50,1,54,train,0.06611,0.93489,3e-05
ResNet-50,1,55,train,0.05261,0.94241,3e-05
ResNet-50,1,56,train,0.05119,0.94028,3e-05
ResNet-50,1,57,train,0.09079,0.95119,3e-05
ResNet-50,1,58,train,0.06232,0.94747,3e-05
ResNet-50,1,59,train,0.05701,0.95388,3e-05
ResNet-50,1,60,train,0.05226,0.956,3e-05
ResNet-50,1,1,val,2.25957,0.45143,0.001
ResNet-50,1,2,val,2.04328,0.49223,0.001
ResNet-50,1,3,val,1.9094,0.50888,0.001
ResNet-50,1,4,val,1.77655,0.55985,0.001
ResNet-50,1,5,val,1.68324,0.58291,0.001
ResNet-50,1,6,val,1.52253,0.60408,0.001
ResNet-50,1,7,val,1.45624,0.63279,0.001
ResNet-50,1,8,val,1.33401,0.6439,0.001
ResNet-50,1,9,val,1.28874,0.67214,0.001
ResNet-50,1,10,val,1.15518,0.686,0.001
ResNet-50,1,11,val,1.07337,0.70412,0.001
ResNet-50,1,12,val,1.00635,0.71603,0.001
ResNet-50,1,13,val,0.95983,0.73938,0.001
ResNet-50,1,14,val,0.87524,0.75003,0.001
ResNet-50,1,15,val,0.82113,0.75012,0.001
ResNet-50,1,16,val,0.80751,0.76345,0.001
ResNet-50,1,17,val,0.757,0.79004,0.001
ResNet-50,1,18,val,0.68149,0.79027,0.001
ResNet-50,1,19,val,0.65016,0.80478,0.001
ResNet-50,1,20,val,0.62739,0.81593,0.001
ResNet-50,1,21,val,0.60426,0.81519,0.001
ResNet-50,1,22,val,0.57881,0.82947,0.001
ResNet-50,1,23,val,0.5291,0.83523,0.001
ResNet-50,1,24,val,0.51655,0.83284,0.001
ResNet-50,1,25,val,0.46624,0.84485,0.0003
ResNet-50,1,26,val,0.4501,0.84986,0.0003
ResNet-50,1,27,val,0.40034,0.8628,0.0003
ResNet-50,1,28,val,0.35735,0.86283,0.0003
ResNet-50,1,29,val,0.34434,0.87123,0.0003
ResNet-50,1,30,val,0.35208,0.86581,0.0003
ResNet-50,1,31,val,0.33211,0.8661,0.0003
ResNet-50,1,32,val,0.34443,0.87699,0.0003
ResNet-50,1,33,val,0.32,0.88887,0.0003
ResNet-50,1,34,val,0.28177,0.88548,0.0003
ResNet-50,1,35,val,0.29046,0.8872,0.0003
ResNet-50,1,36,val,0.23976,0.89191,0.0003
ResNet-50,1,37,val,0.25505,0.89913,0.0003
ResNet-50,1,38,val,0.26492,0.89225,0.0003
ResNet-50,1,39,val,0.2341,0.8921,0.0003
ResNet-50,1,40,val,0.2225,0.90207,0.0001
ResNet-50,1,41,val,0.21482,0.91092,0.0001
ResNet-50,1,42,val,0.19211,0.89869,0.0001
ResNet-50,1,43,val,0.21634,0.91191,0.0001
ResNet-50,1,44,val,0.21249,0.90419,0.0001
ResNet-50,1,45,val,0.17674,0.91278,0.0001
ResNet-50,1,46,val,0.18044,0.90965,0.0001
ResNet-50,1,47,val,0.17884,0.91189,0.0001
ResNet-50,1,48,val,0.1902,0.91457,0.0001
ResNet-50,1,49,val,0.18177,0.90417,0.0001
ResNet-50,1,50,val,0.17345,0.91754,0.0001
ResNet-50,1,51,val,0.18123,0.91297,0.0001
ResNet-50,1,52,val,0.16108,0.91196,3e-05
ResNet-50,1,53,val,0.17202,0.92267,3e-05
ResNet-50,1,54,val,0.18659,0.90674,3e-05
ResNet-50,1,55,val,0.18202,0.91855,3e-05
ResNet-50,1,56,val,0.15637,0.91225,3e-05
ResNet-50,1,57,val,0.16421,0.91696,3e-05
ResNet-50,1,58,val,0.16228,0.91541,3e-05
ResNet-50,1,59,val,0.13759,0.92251,3e-05
ResNet-50,1,60,val,0.16608,0.92602,3e-05
ResNet-50,2,1,train,2.15605,0.45726,0.001
ResNet-50,2,2,train,1.97989,0.49009,0.001
ResNet-50,2,3,train,1.81745,0.5099,0.001
ResNet-50,2,4,train,1.67916,0.55019,0.001
ResNet-50,2,5,train,1.53258,0.58587,0.001
ResNet-50,2,6,train,1.40217,0.61407,0.001
ResNet-50,2,7,train,1.25961,0.62124,0.001
ResNet-50,2,8,train,1.18653,0.65021,0.001
ResNet-50,2,9,train,1.07442,0.68176,0.001
ResNet-50,2,10,train,0.98675,0.68613,0.001
ResNet-50,2,11,train,0.91312,0.68985,0.001
ResNet-50,2,12,train,0.84835,0.7124,0.001
ResNet-50,2,13,train,0.78642,0.73574,0.001
ResNet-50,2,14,train,0.70121,0.74072,0.001
ResNet-50,2,15,train,0.66361,0.75722,0.001
ResNet-50,2,16,train,0.58854,0.77517,0.001
ResNet-50,2,17,train,0.55987,0.8006,0.001
ResNet-50,2,18,train,0.52262,0.80128,0.001
ResNet-50,2,19,train,0.46457,0.81372,0.001
ResNet-50,2,20,train,0.42785,0.80517,0.001
ResNet-50,2,21,train,0.41265,0.83211,0.001
ResNet-50,2,22,train,0.35709,0.84342,0.001
ResNet-50,2,23,train,0.35047,0.84108,0.001
ResNet-50,2,24,train,0.3138,0.84602,0.001
ResNet-50,2,25,train,0.29923,0.86924,0.0003
ResNet-50,2,26,train,0.2677,0.87002,0.0003
ResNet-50,2,27,train,0.2654,0.87037,0.0003
ResNet-50,2,28,train,0.23522,0.87043,0.0003
ResNet-50,2,29,train,0.24536,0.88056,0.0003
ResNet-50,2,30,train,0.18965,0.88455,0.0003
ResNet-50,2,31,train,0.19868,0.88125,0.0003
ResNet-50,2,32,train,0.18015,0.88764,0.0003
ResNet-50,2,33,train,0.14651,0.88477,0.0003
ResNet-50,2,34,train,0.17897,0.88989,0.0003
ResNet-50,2,35,train,0.13914,0.9115,0.0003
ResNet-50,2,36,train,0.14297,0.90837,0.0003
ResNet-50,2,37,train,0.1179,0.90793,0.0003
ResNet-50,2,38,train,0.14162,0.90472,0.0003
ResNet-50,2,39,train,0.11284,0.91506,0.0003
ResNet-50,2,40,train,0.10296,0.91389,0.0001
ResNet-50,2,41,train,0.11229,0.92057,0.0001
ResNet-50,2,42,train,0.09864,0.91862,0.0001
ResNet-50,2,43,train,0.09725,0.92742,0.0001
ResNet-50,2,44,train,0.09591,0.92928,0.0001
ResNet-50,2,45,train,0.09397,0.9216,0.0001
ResNet-50,2,46,train,0.08912,0.93069,0.0001
ResNet-50,2,47,train,0.10227,0.93343,0.0001
ResNet-50,2,48,train,0.07652,0.9262,0.0001
ResNet-50,2,49,train,0.07508,0.93189,0.0001
ResNet-50,2,50,train,0.08158,0.93989,0.0001
ResNet-50,2,51,train,0.08808,0.9356,0.0001
ResNet-50,2,52,train,0.07788,0.93254,3e-05
ResNet-50,2,53,train,0.06122,0.93409,3e-05
ResNet-50,2,54,train,0.04966,0.93347,3e-05
ResNet-50,2,55,train,0.08421,0.93289,3e-05
ResNet-50,2,56,train,0.06094,0.95497,3e-05
ResNet-50,2,57,train,0.06581,0.94347,3e-05
ResNet-50,2,58,train,0.05664,0.94461,3e-05
ResNet-50,2,59,train,0.08678,0.93644,3e-05
ResNet-50,2,60,train,0.06297,0.93451,3e-05
ResNet-50,2,1,val,2.2692,0.45866,0.001
ResNet-50,2,2,val,2.05201,0.49164,0.001
ResNet-50,2,3,val,1.9536,0.5046,0.001
ResNet-50,2,4,val,1.7728,0.54939,0.001
ResNet-50,2,5,val,1.70553,0.57975,0.001
ResNet-50,2,6,val,1.56095,0.60112,0.001
ResNet-50,2,7,val,1.4792,0.61847,0.001
ResNet-50,2,8,val,1.37305,0.64524,0.001
ResNet-50,2,9,val,1.30282,0.67,0.001
ResNet-50,2,10,val,1.2118,0.68113,0.001
ResNet-50,2,11,val,1.08481,0.67928,0.001
ResNet-50,2,12,val,1.03708,0.70037,0.001
ResNet-50,2,13,val,0.95566,0.71966,0.001
ResNet-50,2,14,val,0.89871,0.73209,0.001
ResNet-50,2,15,val,0.83667,0.74482,0.001
ResNet-50,2,16,val,0.81427,0.76092,0.001
ResNet-50,2,17,val,0.75377,0.78089,0.001
ResNet-50,2,18,val,0.69089,0.78155,0.001
ResNet-50,2,19,val,0.66021,0.79475,0.001
ResNet-50,2,20,val,0.62504,0.79095,0.001
ResNet-50,2,21,val,0.62368,0.81984,0.001
ResNet-50,2,22,val,0.5414,0.82021,0.001
ResNet-50,2,23,val,0.51118,0.82131,0.001
ResNet-50,2,24,val,0.49736,0.82746,0.001
ResNet-50,2,25,val,0.4603,0.84481,0.0003
ResNet-50,2,26,val,0.42751,0.84721,0.0003
ResNet-50,2,27,val,0.399,0.85084,0.0003
ResNet-50,2,28,val,0.41905,0.85456,0.0003
ResNet-50,2,29,val,0.38954,0.8608,0.0003
ResNet-50,2,30,val,0.36747,0.86923,0.0003
ResNet-50,2,31,val,0.34463,0.85933,0.0003
ResNet-50,2,32,val,0.30791,0.86428,0.0003
ResNet-50,2,33,val,0.31966,0.86153,0.0003
ResNet-50,2,34,val,0.30916,0.87079,0.0003
ResNet-50,2,35,val,0.3207,0.87859,0.0003
ResNet-50,2,36,val,0.26745,0.88002,0.0003
ResNet-50,2,37,val,0.2265,0.87477,0.0003
ResNet-50,2,38,val,0.25625,0.87975,0.0003
ResNet-50,2,39,val,0.25416,0.89295,0.0003
ResNet-50,2,40,val,0.23058,0.88791,0.0001
ResNet-50,2,41,val,0.2322,0.88779,0.0001
ResNet-50,2,42,val,0.27299,0.8936,0.0001
ResNet-50,2,43,val,0.23109,0.89632,0.0001
ResNet-50,2,44,val,0.24401,0.90359,0.0001
ResNet-50,2,45,val,0.23392,0.89246,0.0001
ResNet-50,2,46,val,0.18416,0.90641,0.0001
ResNet-50,2,47,val,0.19968,0.90903,0.0001
ResNet-50,2,48,val,0.19336,0.89857,0.0001
ResNet-50,2,49,val,0.20513,0.90831,0.0001
ResNet-50,2,50,val,0.17238,0.91037,0.0001
ResNet-50,2,51,val,0.18331,0.91154,0.0001
ResNet-50,2,52,val,0.20041,0.90663,3e-05
ResNet-50,2,53,val,0.16623,0.90707,3e-05
ResNet-50,2,54,val,0.1966,0.90584,3e-05
ResNet-50,2,55,val,0.14302,0.90634,3e-05
ResNet-50,2,56,val,0.15406,0.9198,3e-05
ResNet-50,2,57,val,0.15706,0.91607,3e-05
ResNet-50,2,58,val,0.16085,0.91358,3e-05
ResNet-50,2,59,val,0.1804,0.90389,3e-05
ResNet-50,2,60,val,0.18904,0.90762,3e-05
ResNet-50,3,1,train,2.20291,0.43509,0.001
ResNet-50,3,2,train,2.05614,0.47883,0.001
ResNet-50,3,3,train,1.91401,0.51229,0.001
ResNet-50,3,4,train,1.80206,0.52471,0.001
ResNet-50,3,5,train,1.65549,0.55666,0.001
ResNet-50,3,6,train,1.56414,0.55638,0.001
ResNet-50,3,7,train,1.47217,0.59741,0.001
ResNet-50,3,8,train,1.35835,0.60771,0.001
ResNet-50,3,9,train,1.26135,0.63407,0.001
ResNet-50,3,10,train,1.18761,0.64561,0.001
ResNet-50,3,11,train,1.11356,0.65366,0.001
ResNet-50,3,12,train,1.0685,0.67221,0.001
ResNet-50,3,13,train,0.97475,0.68653,0.001
ResNet-50,3,14,train,0.90779,0.70391,0.001
ResNet-50,3,15,train,0.86538,0.72512,0.001
ResNet-50,3,16,train,0.83193,0.73738,0.001
ResNet-50,3,17,train,0.7613,0.74094,0.001
ResNet-50,3,18,train,0.70511,0.75381,0.001
ResNet-50,3,19,train,0.65589,0.75711,0.001
ResNet-50,3,20,train,0.61815,0.75808,0.001
ResNet-50,3,21,train,0.58173,0.77964,0.001
ResNet-50,3,22,train,0.55115,0.79456,0.001
ResNet-50,3,23,train,0.52302,0.7992,0.001
ResNet-50,3,24,train,0.46286,0.80635,0.001
ResNet-50,3,25,train,0.43114,0.83809,0.0003
ResNet-50,3,26,train,0.42681,0.83477,0.0003
ResNet-50,3,27,train,0.40463,0.84953,0.0003
ResNet-50,3,28,train,0.36738,0.84,0.0003
ResNet-50,3,29,train,0.34865,0.84868,0.0003
ResNet-50,3,30,train,0.34511,0.85173,0.0003
ResNet-50,3,31,train,0.32196,0.85371,0.0003
ResNet-50,3,32,train,0.29094,0.86122,0.0003
ResNet-50,3,33,train,0.28249,0.87576,0.0003
ResNet-50,3,34,train,0.28393,0.87989,0.0003
ResNet-50,3,35,train,0.27363,0.87705,0.0003
ResNet-50,3,36,train,0.21272,0.88861,0.0003
ResNet-50,3,37,train,0.22262,0.87088,0.0003
ResNet-50,3,38,train,0.25194,0.89411,0.0003
ResNet-50,3,39,train,0.18801,0.8945,0.0003
ResNet-50,3,40,train,0.19698,0.90179,0.0001
ResNet-50,3,41,train,0.18205,0.89332,0.0001
ResNet-50,3,42,train,0.17463,0.89646,0.0001
ResNet-50,3,43,train,0.16425,0.9066,0.0001
ResNet-50,3,44,train,0.16706,0.90766,0.0001
ResNet-50,3,45,train,0.14347,0.91529,0.0001
ResNet-50,3,46,train,0.15717,0.92886,0.0001
ResNet-50,3,47,train,0.16973,0.90397,0.0001
ResNet-50,3,48,train,0.12898,0.91971,0.0001
ResNet-50,3,49,train,0.10512,0.91641,0.0001
ResNet-50,3,50,train,0.12892,0.91858,0.0001
ResNet-50,3,51,train,0.13398,0.92024,0.0001
ResNet-50,3,52,train,0.11002,0.92676,3e-05
ResNet-50,3,53,train,0.11628,0.92132,3e-05
ResNet-50,3,54,train,0.12091,0.93132,3e-05
ResNet-50,3,55,train,0.09878,0.92717,3e-05
ResNet-50,3,56,train,0.11279,0.93455,3e-05
ResNet-50,3,57,train,0.09635,0.93236,3e-05
ResNet-50,3,58,train,0.08001,0.93018,3e-05
ResNet-50,3,59,train,0.10247,0.92076,3e-05
ResNet-50,3,60,train,0.06698,0.93384,3e-05
ResNet-50,3,1,val,2.28338,0.44322,0.001
ResNet-50,3,2,val,2.15777,0.47254,0.001
ResNet-50,3,3,val,2.04019,0.50291,0.001
ResNet-50,3,4,val,1.8809,0.51941,0.001
ResNet-50,3,5,val,1.82687,0.54259,0.001
ResNet-50,3,6,val,1.73191,0.55102,0.001
ResNet-50,3,7,val,1.6684,0.58923,0.001
ResNet-50,3,8,val,1.55063,0.60047,0.001
ResNet-50,3,9,val,1.50169,0.62513,0.001
ResNet-50,3,10,val,1.39968,0.63045,0.001
ResNet-50,3,11,val,1.35725,0.64428,0.001
ResNet-50,3,12,val,1.23702,0.66174,0.001
ResNet-50,3,13,val,1.16407,0.6721,0.001
ResNet-50,3,14,val,1.09296,0.69138,0.001
ResNet-50,3,15,val,1.07747,0.70383,0.001
ResNet-50,3,16,val,1.01436,0.71915,0.001
ResNet-50,3,17,val,0.94812,0.72431,0.001
ResNet-50,3,18,val,0.91867,0.73788,0.001
ResNet-50,3,19,val,0.89321,0.73585,0.001
ResNet-50,3,20,val,0.76295,0.7414,0.001
ResNet-50,3,21,val,0.76899,0.76255,0.001
ResNet-50,3,22,val,0.74408,0.7819,0.001
ResNet-50,3,23,val,0.74498,0.77917,0.001
ResNet-50,3,24,val,0.68684,0.78756,0.001
ResNet-50,3,25,val,0.68718,0.80662,0.0003
ResNet-50,3,26,val,0.61403,0.81279,0.0003
ResNet-50,3,27,val,0.60726,0.82537,0.0003
ResNet-50,3,28,val,0.60024,0.81576,0.0003
ResNet-50,3,29,val,0.52972,0.82596,0.0003
ResNet-50,3,30,val,0.54653,0.82557,0.0003
ResNet-50,3,31,val,0.51963,0.83143,0.0003
ResNet-50,3,32,val,0.50598,0.84383,0.0003
ResNet-50,3,33,val,0.43135,0.85037,0.0003
ResNet-50,3,34,val,0.44658,0.85009,0.0003
ResNet-50,3,35,val,0.46394,0.85586,0.0003
ResNet-50,3,36,val,0.42088,0.86666,0.0003
ResNet-50,3,37,val,0.40196,0.84664,0.0003
ResNet-50,3,38,val,0.36861,0.86804,0.0003
ResNet-50,3,39,val,0.37315,0.86419,0.0003
ResNet-50,3,40,val,0.33959,0.87747,0.0001
ResNet-50,3,41,val,0.34753,0.87278,0.0001
ResNet-50,3,42,val,0.32534,0.8727,0.0001
ResNet-50,3,43,val,0.27424,0.88071,0.0001
ResNet-50,3,44,val,0.32347,0.88384,0.0001
ResNet-50,3,45,val,0.26105,0.88556,0.0001
ResNet-50,3,46,val,0.29938,0.89647,0.0001
ResNet-50,3,47,val,0.30189,0.8858,0.0001
ResNet-50,3,48,val,0.2655,0.88854,0.0001
ResNet-50,3,49,val,0.26086,0.89023,0.0001
ResNet-50,3,50,val,0.24979,0.88912,0.0001
ResNet-50,3,51,val,0.24433,0.89008,0.0001
ResNet-50,3,52,val,0.28643,0.89927,3e-05
ResNet-50,3,53,val,0.21541,0.89225,3e-05
ResNet-50,3,54,val,0.22744,0.89885,3e-05
ResNet-50,3,55,val,0.23084,0.89917,3e-05
ResNet-50,3,56,val,0.22817,0.91063,3e-05
ResNet-50,3,57,val,0.18878,0.90172,3e-05
ResNet-50,3,58,val,0.22899,0.90369,3e-05
ResNet-50,3,59,val,0.2194,0.89609,3e-05
ResNet-50,3,60,val,0.19284,0.90449,3e-05
ResNet-50,4,1,train,2.13093,0.47218,0.001
ResNet-50,4,2,train,1.96666,0.48306,0.001
ResNet-50,4,3,train,1.79494,0.52561,0.001
ResNet-50,4,4,train,1.64744,0.54894,0.001
ResNet-50,4,5,train,1.50922,0.57674,0.001
ResNet-50,4,6,train,1.36869,0.62109,0.001
ResNet-50,4,7,train,1.26809,0.62224,0.001
ResNet-50,4,8,train,1.18038,0.65029,0.001
ResNet-50,4,9,train,1.06511,0.6707,0.001
ResNet-50,4,10,train,0.97935,0.70746,0.001
ResNet-50,4,11,train,0.89072,0.71655,0.001
ResNet-50,4,12,train,0.81281,0.73395,0.001
ResNet-50,4,13,train,0.76719,0.74503,0.001
ResNet-50,4,14,train,0.70003,0.7605,0.001
ResNet-50,4,15,train,0.61292,0.75987,0.001
ResNet-50,4,16,train,0.56803,0.77202,0.001
ResNet-50,4,17,train,0.51885,0.79214,0.001
ResNet-50,4,18,train,0.4872,0.80018,0.001
ResNet-50,4,19,train,0.46702,0.81185,0.001
ResNet-50,4,20,train,0.41869,0.80903,0.001
ResNet-50,4,21,train,0.41418,0.81762,0.001
ResNet-50,4,22,train,0.36217,0.83586,0.001
ResNet-50,4,23,train,0.33804,0.84513,0.001
ResNet-50,4,24,train,0.31762,0.85285,0.001
ResNet-50,4,25,train,0.26589,0.86435,0.0003
ResNet-50,4,26,train,0.27357,0.87541,0.0003
ResNet-50,4,27,train,0.2697,0.87893,0.0003
ResNet-50,4,28,train,0.24673,0.87346,0.0003
ResNet-50,4,29,train,0.22324,0.89047,0.0003
ResNet-50,4,30,train,0.19167,0.90173,0.0003
ResNet-50,4,31,train,0.19496,0.8943,0.0003
ResNet-50,4,32,train,0.15019,0.89363,0.0003
ResNet-50,4,33,train,0.1498,0.90012,0.0003
ResNet-50,4,34,train,0.16184,0.90359,0.0003
ResNet-50,4,35,train,0.13562,0.90532,0.0003
ResNet-50,4,36,train,0.13929,0.91039,0.0003
ResNet-50,4,37,train,0.10666,0.91775,0.0003
ResNet-50,4,38,train,0.09992,0.92464,0.0003
ResNet-50,4,39,train,0.09113,0.91968,0.0003
ResNet-50,4,40,train,0.09952,0.93069,0.0001
ResNet-50,4,41,train,0.12287,0.92467,0.0001
ResNet-50,4,42,train,0.10401,0.92885,0.0001
ResNet-50,4,43,train,0.07304,0.93054,0.0001
ResNet-50,4,44,train,0.0775,0.91576,0.0001
ResNet-50,4,45,train,0.09415,0.91718,0.0001
ResNet-50,4,46,train,0.06976,0.92791,0.0001
ResNet-50,4,47,train,0.08507,0.92245,0.0001
ResNet-50,4,48,train,0.09411,0.94415,0.0001
ResNet-50,4,49,train,0.09538,0.93054,0.0001
ResNet-50,4,50,train,0.09253,0.93717,0.0001
ResNet-50,4,51,train,0.04722,0.93585,0.0001
ResNet-50,4,52,train,0.08008,0.93823,3e-05
ResNet-50,4,53,train,0.05142,0.93668,3e-05
ResNet-50,4,54,train,0.0602,0.93739,3e-05
ResNet-50,4,55,train,0.06908,0.93994,3e-05
ResNet-50,4,56,train,0.07541,0.93558,3e-05
ResNet-50,4,57,train,0.05886,0.92667,3e-05
ResNet-50,4,58,train,0.0676,0.94164,3e-05
ResNet-50,4,59,train,0.07248,0.93645,3e-05
ResNet-50,4,60,train,0.04016,0.95469,3e-05
ResNet-50,4,1,val,2.239,0.46851,0.001
ResNet-50,4,2,val,2.08714,0.48454,0.001
ResNet-50,4,3,val,1.92862,0.51901,0.001
ResNet-50,4,4,val,1.78155,0.54248,0.001
ResNet-50,4,5,val,1.67877,0.574,0.001
ResNet-50,4,6,val,1.50737,0.60798,0.001
ResNet-50,4,7,val,1.47273,0.612,0.001
ResNet-50,4,8,val,1.34746,0.6362,0.001
ResNet-50,4,9,val,1.25785,0.66196,0.001
ResNet-50,4,10,val,1.17372,0.69778,0.001
ResNet-50,4,11,val,1.11364,0.70427,0.001
ResNet-50,4,12,val,1.05527,0.71719,0.001
ResNet-50,4,13,val,0.94217,0.73134,0.001
ResNet-50,4,14,val,0.88414,0.74088,0.001
ResNet-50,4,15,val,0.83983,0.75192,0.001
ResNet-50,4,16,val,0.76502,0.75712,0.001
ResNet-50,4,17,val,0.75593,0.77868,0.001
ResNet-50,4,18,val,0.70292,0.78258,0.001
ResNet-50,4,19,val,0.67875,0.79296,0.001
ResNet-50,4,20,val,0.60777,0.7949,0.001
ResNet-50,4,21,val,0.54974,0.7994,0.001
ResNet-50,4,22,val,0.54362,0.81972,0.001
ResNet-50,4,23,val,0.55141,0.82631,0.001
ResNet-50,4,24,val,0.48276,0.8193,0.001
ResNet-50,4,25,val,0.47896,0.84467,0.0003
ResNet-50,4,26,val,0.44142,0.85408,0.0003
ResNet-50,4,27,val,0.42748,0.85449,0.0003
ResNet-50,4,28,val,0.40405,0.85338,0.0003
ResNet-50,4,29,val,0.38201,0.86712,0.0003
ResNet-50,4,30,val,0.37362,0.8708,0.0003
ResNet-50,4,31,val,0.3427,0.87509,0.0003
ResNet-50,4,32,val,0.31779,0.87228,0.0003
ResNet-50,4,33,val,0.3299,0.87196,0.0003
ResNet-50,4,34,val,0.27522,0.87639,0.0003
ResNet-50,4,35,val,0.26184,0.88187,0.0003
ResNet-50,4,36,val,0.28005,0.88357,0.0003
ResNet-50,4,37,val,0.25516,0.89663,0.0003
ResNet-50,4,38,val,0.25828,0.89586,0.0003
ResNet-50,4,39,val,0.23878,0.89503,0.0003
ResNet-50,4,40,val,0.25072,0.90177,0.0001
ResNet-50,4,41,val,0.23702,0.90199,0.0001
ResNet-50,4,42,val,0.23325,0.90402,0.0001
ResNet-50,4,43,val,0.22332,0.9036,0.0001
ResNet-50,4,44,val,0.17753,0.89155,0.0001
ResNet-50,4,45,val,0.20241,0.8928,0.0001
ResNet-50,4,46,val,0.1645,0.9,0.0001
ResNet-50,4,47,val,0.18574,0.89932,0.0001
ResNet-50,4,48,val,0.19448,0.91612,0.0001
ResNet-50,4,49,val,0.21374,0.89823,0.0001
ResNet-50,4,50,val,0.20627,0.91881,0.0001
ResNet-50,4,51,val,0.15382,0.91309,0.0001
ResNet-50,4,52,val,0.17659,0.9083,3e-05
ResNet-50,4,53,val,0.17319,0.90637,3e-05
ResNet-50,4,54,val,0.18679,0.91239,3e-05
ResNet-50,4,55,val,0.19881,0.91077,3e-05
ResNet-50,4,56,val,0.19406,0.90855,3e-05
ResNet-50,4,57,val,0.14389,0.90058,3e-05
ResNet-50,4,58,val,0.17656,0.918,3e-05
ResNet-50,4,59,val,0.14919,0.9141,3e-05
ResNet-50,4,60,val,0.13559,0.91932,3e-05
ViT-B/16,0,1,train,2.12718,0.44691,0.001
ViT-B/16,0,2,train,1.94283,0.50205,0.001
ViT-B/16,0,3,train,1.76805,0.54151,0.001
ViT-B/16,0,4,train,1.60399,0.5786,0.001
ViT-B/16,0,5,train,1.47593,0.59733,0.001
ViT-B/16,0,6,train,1.35723,0.62891,0.001
ViT-B/16,0,7,train,1.22379,0.65378,0.001
ViT-B/16,0,8,train,1.10285,0.68202,0.001
ViT-B/16,0,9,train,1.02343,0.70044,0.001
ViT-B/16,0,10,train,0.91521,0.73177,0.001
ViT-B/16,0,11,train,0.84394,0.73435,0.001
ViT-B/16,0,12,train,0.76328,0.73388,0.001
ViT-B/16,0,13,train,0.71871,0.76333,0.001
ViT-B/16,0,14,train,0.64792,0.77993,0.001
ViT-B/16,0,15,train,0.59298,0.80328,0.001
ViT-B/16,0,16,train,0.5497,0.80837,0.001
ViT-B/16,0,17,train,0.50659,0.82126,0.001
ViT-B/16,0,18,train,0.48275,0.84235,0.001
ViT-B/16,0,19,train,0.4256,0.84326,0.001
ViT-B/16,0,20,train,0.3915,0.85283,0.001
ViT-B/16,0,21,train,0.35164,0.84273,0.001
ViT-B/16,0,22,train,0.33993,0.86404,0.001
ViT-B/16,0,23,train,0.30278,0.85285,0.001
ViT-B/16,0,24,train,0.29184,0.8943,0.001
ViT-B/16,0,25,train,0.25832,0.90222,0.0003
ViT-B/16,0,26,train,0.25304,0.92425,0.0003
ViT-B/16,0,27,train,0.22026,0.90274,0.0003
ViT-B/16,0,28,train,0.22537,0.89451,0.0003
ViT-B/16,0,29,train,0.22202,0.94658,0.0003
ViT-B/16,0,30,train,0.17239,0.91985,0.0003
ViT-B/16,0,31,train,0.16084,0.93988,0.0003
ViT-B/16,0,32,train,0.14328,0.92524,0.0003
ViT-B/16,0,33,train,0.13394,0.93541,0.0003
ViT-B/16,0,34,train,0.12623,0.94516,0.0003
ViT-B/16,0,35,train,0.12842,0.94057,0.0003
ViT-B/16,0,36,train,0.12631,0.92341,0.0003
ViT-B/16,0,37,train,0.09155,0.93431,0.0003
ViT-B/16,0,38,train,0.13054,0.94753,0.0003
ViT-B/16,0,39,train,0.09991,0.95046,0.0003
ViT-B/16,0,40,train,0.09494,0.96677,0.0001
ViT-B/16,0,41,train,0.10208,0.96366,0.0001
ViT-B/16,0,42,train,0.09037,0.96216,0.0001
ViT-B/16,0,43,train,0.08031,0.9714,0.0001
ViT-B/16,0,44,train,0.10351,0.95873,0.0001
ViT-B/16,0,45,train,0.07336,0.99703,0.0001
ViT-B/16,0,46,train,0.0767,0.98322,0.0001
ViT-B/16,0,47,train,0.07558,0.96993,0.0001
ViT-B/16,0,48,train,0.08878,0.96222,0.0001
ViT-B/16,0,49,train,0.07355,0.98794,0.0001
ViT-B/16,0,50,train,0.06907,0.97059,0.0001
ViT-B/16,0,51,train,0.0917,0.98162,0.0001
ViT-B/16,0,52,train,0.04435,0.96518,3e-05
ViT-B/16,0,53,train,0.07112,0.96217,3e-05
ViT-B/16,0,54,train,0.05561,0.95491,3e-05
ViT-B/16,0,55,train,0.0743,0.98071,3e-05
ViT-B/16,0,56,train,0.04958,0.97685,3e-05
ViT-B/16,0,57,train,0.06969,0.97838,3e-05
ViT-B/16,0,58,train,0.0784,0.96579,3e-05
ViT-B/16,0,59,train,0.05426,0.97404,3e-05
ViT-B/16,0,60,train,0.05485,0.95871,3e-05
ViT-B/16,0,1,val,2.25124,0.45138,0.001
ViT-B/16,0,2,val,2.05879,0.49573,0.001
ViT-B/16,0,3,val,1.91763,0.52344,0.001
ViT-B/16,0,4,val,1.77097,0.5596,0.001
ViT-B/16,0,5,val,1.68191,0.5785,0.001
ViT-B/16,0,6,val,1.55711,0.6083,0.001
ViT-B/16,0,7,val,1.42159,0.62948,0.001
ViT-B/16,0,8,val,1.29476,0.6675,0.001
ViT-B/16,0,9,val,1.21056,0.68489,0.001
ViT-B/16,0,10,val,1.15783,0.70425,0.001
ViT-B/16,0,11,val,1.08074,0.71143,0.001
ViT-B/16,0,12,val,1.02078,0.71434,0.001
ViT-B/16,0,13,val,0.9392,0.74766,0.001
ViT-B/16,0,14,val,0.8519,0.7539,0.001
ViT-B/16,0,15,val,0.80063,0.76668,0.001
ViT-B/16,0,16,val,0.75293,0.77906,0.001
ViT-B/16,0,17,val,0.71027,0.78536,0.001
ViT-B/16,0,18,val,0.64917,0.80203,0.001
ViT-B/16,0,19,val,0.63845,0.81069,0.001
ViT-B/16,0,20,val,0.61956,0.81992,0.001
ViT-B/16,0,21,val,0.56748,0.81727,0.001
ViT-B/16,0,22,val,0.5108,0.82574,0.001
ViT-B/16,0,23,val,0.48575,0.8223,0.001
ViT-B/16,0,24,val,0.47886,0.85649,0.001
ViT-B/16,0,25,val,0.47051,0.86367,0.0003
ViT-B/16,0,26,val,0.38079,0.89025,0.0003
ViT-B/16,0,27,val,0.40442,0.86548,0.0003
ViT-B/16,0,28,val,0.37774,0.85768,0.0003
ViT-B/16,0,29,val,0.37792,0.90131,0.0003
ViT-B/16,0,30,val,0.32394,0.88148,0.0003
ViT-B/16,0,31,val,0.3306,0.89716,0.0003
ViT-B/16,0,32,val,0.35587,0.88302,0.0003
ViT-B/16,0,33,val,0.27646,0.89503,0.0003
ViT-B/16,0,34,val,0.26754,0.90058,0.0003
ViT-B/16,0,35,val,0.27961,0.89189,0.0003
ViT-B/16,0,36,val,0.28359,0.88501,0.0003
ViT-B/16,0,37,val,0.25334,0.89137,0.0003
ViT-B/16,0,38,val,0.248,0.90128,0.0003
ViT-B/16,0,39,val,0.25874,0.91003,0.0003
ViT-B/16,0,40,val,0.21436,0.92639,0.0001
ViT-B/16,0,41,val,0.22851,0.91719,0.0001
ViT-B/16,0,42,val,0.23001,0.91519,0.0001
ViT-B/16,0,43,val,0.2237,0.91809,0.0001
ViT-B/16,0,44,val,0.20858,0.90967,0.0001
ViT-B/16,0,45,val,0.20106,0.94935,0.0001
ViT-B/16,0,46,val,0.19382,0.93267,0.0001
ViT-B/16,0,47,val,0.20639,0.92088,0.0001
ViT-B/16,0,48,val,0.20921,0.90973,0.0001
ViT-B/16,0,49,val,0.18432,0.93695,0.0001
ViT-B/16,0,50,val,0.18422,0.918,0.0001
ViT-B/16,0,51,val,0.18929,0.93291,0.0001
ViT-B/16,0,52,val,0.18475,0.91142,3e-05
ViT-B/16,0,53,val,0.1967,0.91783,3e-05
ViT-B/16,0,54,val,0.16729,0.91358,3e-05
ViT-B/16,0,55,val,0.1684,0.91994,3e-05
ViT-B/16,0,56,val,0.19635,0.9278,3e-05
ViT-B/16,0,57,val,0.19855,0.93422,3e-05
ViT-B/16,0,58,val,0.17443,0.91946,3e-05
ViT-B/16,0,59,val,0.14687,0.92677,3e-05
ViT-B/16,0,60,val,0.17039,0.91139,3e-05
ViT-B/16,1,1,train,2.12659,0.46426,0.001
ViT-B/16,1,2,train,1.94125,0.5145,0.001
ViT-B/16,1,3,train,1.77742,0.5487,0.001
ViT-B/16,1,4,train,1.59576,0.56126,0.001
ViT-B/16,1,5,train,1.4554,0.62123,0.001
ViT-B/16,1,6,train,1.31255,0.62051,0.001
ViT-B/16,1,7,train,1.1727,0.66169,0.001
ViT-B/16,1,8,train,1.07659,0.67763,0.001
ViT-B/16,1,9,train,0.97013,0.71302,0.001
ViT-B/16,1,10,train,0.89496,0.72226,0.001
ViT-B/16,1,11,train,0.81305,0.76613,0.001
ViT-B/16,1,12,train,0.73049,0.74797,0.001
ViT-B/16,1,13,train,0.69573,0.77101,0.001
ViT-B/16,1,14,train,0.61623,0.78976,0.001
ViT-B/16,1,15,train,0.57153,0.80386,0.001
ViT-B/16,1,16,train,0.53809,0.8106,0.001
ViT-B/16,1,17,train,0.46832,0.83739,0.001
ViT-B/16,1,18,train,0.43691,0.84787,0.001
ViT-B/16,1,19,train,0.38649,0.83401,0.001
ViT-B/16,1,20,train,0.37585,0.86013,0.001
ViT-B/16,1,21,train,0.33333,0.87662,0.001
ViT-B/16,1,22,train,0.32755,0.87016,0.001
ViT-B/16,1,23,train,0.28464,0.90314,0.001
ViT-B/16,1,24,train,0.25551,0.88696,0.001
ViT-B/16,1,25,train,0.24246,0.89964,0.0003
ViT-B/16,1,26,train,0.22537,0.92126,0.0003
ViT-B/16,1,27,train,0.20176,0.907,0.0003
ViT-B/16,1,28,train,0.19236,0.90703,0.0003
ViT-B/16,1,29,train,0.18727,0.919,0.0003
ViT-B/16,1,30,train,0.15687,0.93837,0.0003
ViT-B/16,1,31,train,0.15611,0.93843,0.0003
ViT-B/16,1,32,train,0.13156,0.93571,0.0003
ViT-B/16,1,33,train,0.13449,0.95703,0.0003
ViT-B/16,1,34,train,0.1285,0.95209,0.0003
ViT-B/16,1,35,train,0.10754,0.92738,0.0003
ViT-B/16,1,36,train,0.13468,0.94305,0.0003
ViT-B/16,1,37,train,0.09748,0.95267,0.0003
ViT-B/16,1,38,train,0.08933,0.94899,0.0003
ViT-B/16,1,39,train,0.09986,0.94106,0.0003
ViT-B/16,1,40,train,0.07462,0.96433,0.0001
ViT-B/16,1,41,train,0.08602,0.97107,0.0001
ViT-B/16,1,42,train,0.08827,0.9903,0.0001
ViT-B/16,1,43,train,0.08584,0.95859,0.0001
ViT-B/16,1,44,train,0.08266,0.97482,0.0001
ViT-B/16,1,45,train,0.08034,0.9823,0.0001
ViT-B/16,1,46,train,0.07047,0.99521,0.0001
ViT-B/16,1,47,train,0.075,0.97852,0.0001
ViT-B/16,1,48,train,0.05115,0.96091,0.0001
ViT-B/16,1,49,train,0.05482,0.97103,0.0001
ViT-B/16,1,50,train,0.06316,0.96892,0.0001
ViT-B/16,1,51,train,0.05986,0.96058,0.0001
ViT-B/16,1,52,train,0.05862,0.94896,3e-05
ViT-B/16,1,53,train,0.05933,0.96477,3e-05
ViT-B/16,1,54,train,0.06171,0.97795,3e-05
ViT-B/16,1,55,train,0.05998,0.99691,3e-05
ViT-B/16,1,56,train,0.06077,0.99765,3e-05
ViT-B/16,1,57,train,0.0556,0.99222,3e-05
ViT-B/16,1,58,train,0.04101,0.96563,3e-05
ViT-B/16,1,59,train,0.04862,0.98352,3e-05
ViT-B/16,1,60,train,0.07701,0.98552,3e-05
ViT-B/16,1,1,val,2.2364,0.46538,0.001
ViT-B/16,1,2,val,2.06653,0.50346,0.001
ViT-B/16,1,3,val,1.91563,0.52895,0.001
ViT-B/16,1,4,val,1.77918,0.5583,0.001
ViT-B/16,1,5,val,1.62297,0.60615,0.001
ViT-B/16,1,6,val,1.51375,0.60895,0.001
ViT-B/16,1,7,val,1.41108,0.64959,0.001
ViT-B/16,1,8,val,1.29842,0.65855,0.001
ViT-B/16,1,9,val,1.18358,0.68656,0.001
ViT-B/16,1,10,val,1.12259,0.7017,0.001
ViT-B/16,1,11,val,1.0668,0.73069,0.001
ViT-B/16,1,12,val,0.95137,0.73081,0.001
ViT-B/16,1,13,val,0.90783,0.74597,0.001
ViT-B/16,1,14,val,0.84387,0.76276,0.001
ViT-B/16,1,15,val,0.75937,0.77775,0.001
ViT-B/16,1,16,val,0.75785,0.78102,0.001
ViT-B/16,1,17,val,0.66242,0.8047,0.001
ViT-B/16,1,18,val,0.6474,0.81875,0.001
ViT-B/16,1,19,val,0.58631,0.80436,0.001
ViT-B/16,1,20,val,0.54764,0.81787,0.001
ViT-B/16,1,21,val,0.48892,0.84251,0.001
ViT-B/16,1,22,val,0.53817,0.84661,0.001
ViT-B/16,1,23,val,0.4304,0.86188,0.001
ViT-B/16,1,24,val,0.45668,0.84816,0.001
ViT-B/16,1,25,val,0.44419,0.86371,0.0003
ViT-B/16,1,26,val,0.41063,0.8782,0.0003
ViT-B/16,1,27,val,0.40775,0.87772,0.0003
ViT-B/16,1,28,val,0.40679,0.87093,0.0003
ViT-B/16,1,29,val,0.32949,0.87592,0.0003
ViT-B/16,1,30,val,0.3005,0.89937,0.0003
ViT-B/16,1,31,val,0.27594,0.90109,0.0003
ViT-B/16,1,32,val,0.2812,0.89116,0.0003
ViT-B/16,1,33,val,0.28266,0.91396,0.0003
ViT-B/16,1,34,val,0.28028,0.90561,0.0003
ViT-B/16,1,35,val,0.29434,0.89763,0.0003
ViT-B/16,1,36,val,0.27844,0.89568,0.0003
ViT-B/16,1,37,val,0.2119,0.90574,0.0003
ViT-B/16,1,38,val,0.27062,0.9082,0.0003
ViT-B/16,1,39,val,0.26884,0.90449,0.0003
ViT-B/16,1,40,val,0.25233,0.91613,0.0001
ViT-B/16,1,41,val,0.22913,0.92149,0.0001
ViT-B/16,1,42,val,0.2172,0.93249,0.0001
ViT-B/16,1,43,val,0.20331,0.91005,0.0001
ViT-B/16,1,44,val,0.21149,0.92644,0.0001
ViT-B/16,1,45,val,0.21954,0.93728,0.0001
ViT-B/16,1,46,val,0.1586,0.94805,0.0001
ViT-B/16,1,47,val,0.18747,0.93162,0.0001
ViT-B/16,1,48,val,0.15761,0.91129,0.0001
ViT-B/16,1,49,val,0.18121,0.92824,0.0001
ViT-B/16,1,50,val,0.22914,0.91862,0.0001
ViT-B/16,1,51,val,0.19239,0.91329,0.0001
ViT-B/16,1,52,val,0.17729,0.91212,3e-05
ViT-B/16,1,53,val,0.2151,0.92103,3e-05
ViT-B/16,1,54,val,0.19361,0.93583,3e-05
ViT-B/16,1,55,val,0.17757,0.93904,3e-05
ViT-B/16,1,56,val,0.20572,0.93437,3e-05
ViT-B/16,1,57,val,0.20293,0.94703,3e-05
ViT-B/16,1,58,val,0.16231,0.92087,3e-05
ViT-B/16,1,59,val,0.16879,0.92884,3e-05
ViT-B/16,1,60,val,0.15721,0.93687,3e-05
ViT-B/16,2,1,train,2.14483,0.4612,0.001
ViT-B/16,2,2,train,1.98431,0.50354,0.001
ViT-B/16,2,3,train,1.82879,0.52466,0.001
ViT-B/16,2,4,train,1.67653,0.55861,0.001
ViT-B/16,2,5,train,1.54666,0.5991,0.001
ViT-B/16,2,6,train,1.40658,0.59835,0.001
ViT-B/16,2,7,train,1.28934,0.63341,0.001
ViT-B/16,2,8,train,1.1903,0.66207,0.001
ViT-B/16,2,9,train,1.10078,0.68628,0.001
ViT-B/16,2,10,train,1.02235,0.6774,0.001
ViT-B/16,2,11,train,0.92371,0.72677,0.001
ViT-B/16,2,12,train,0.8493,0.73812,0.001
ViT-B/16,2,13,train,0.79683,0.74533,0.001
ViT-B/16,2,14,train,0.72808,0.79224,0.001
ViT-B/16,2,15,train,0.67356,0.77654,0.001
ViT-B/16,2,16,train,0.61639,0.80123,0.001
ViT-B/16,2,17,train,0.5533,0.81316,0.001
ViT-B/16,2,18,train,0.53401,0.85281,0.001
ViT-B/16,2,19,train,0.48144,0.84201,0.001
ViT-B/16,2,20,train,0.4784,0.84479,0.001
ViT-B/16,2,21,train,0.42958,0.84943,0.001
ViT-B/16,2,22,train,0.41474,0.85251,0.001
ViT-B/16,2,23,train,0.37795,0.86251,0.001
ViT-B/16,2,24,train,0.34253,0.86859,0.001
ViT-B/16,2,25,train,0.3224,0.88521,0.0003
ViT-B/16,2,26,train,0.2848,0.87645,0.0003
ViT-B/16,2,27,train,0.27373,0.92078,0.0003
ViT-B/16,2,28,train,0.24138,0.91452,0.0003
ViT-B/16,2,29,train,0.2533,0.89019,0.0003
ViT-B/16,2,30,train,0.21245,0.93569,0.0003
ViT-B/16,2,31,train,0.23557,0.92383,0.0003
ViT-B/16,2,32,train,0.17251,0.90827,0.0003
ViT-B/16,2,33,train,0.17511,0.93368,0.0003
ViT-B/16,2,34,train,0.16866,0.91949,0.0003
ViT-B/16,2,35,train,0.17976,0.93906,0.0003
ViT-B/16,2,36,train,0.13525,0.94144,0.0003
ViT-B/16,2,37,train,0.15921,0.95088,0.0003
ViT-B/16,2,38,train,0.12346,0.94999,0.0003
ViT-B/16,2,39,train,0.1202,0.93942,0.0003
ViT-B/16,2,40,train,0.13496,0.94008,0.0001
ViT-B/16,2,41,train,0.11067,0.96746,0.0001
ViT-B/16,2,42,train,0.11104,0.94664,0.0001
ViT-B/16,2,43,train,0.1021,0.9643,0.0001
ViT-B/16,2,44,train,0.08844,0.95221,0.0001
ViT-B/16,2,45,train,0.10321,0.95445,0.0001
ViT-B/16,2,46,train,0.06553,0.95956,0.0001
ViT-B/16,2,47,train,0.09859,0.97491,0.0001
ViT-B/16,2,48,train,0.07687,0.97868,0.0001
ViT-B/16,2,49,train,0.09932,0.99472,0.0001
ViT-B/16,2,50,train,0.09575,0.97038,0.0001
ViT-B/16,2,51,train,0.08797,0.97949,0.0001
ViT-B/16,2,52,train,0.08288,0.96389,3e-05
ViT-B/16,2,53,train,0.07444,0.97818,3e-05
ViT-B/16,2,54,train,0.07323,0.95138,3e-05
ViT-B/16,2,55,train,0.06645,0.98219,3e-05
ViT-B/16,2,56,train,0.06292,0.9815,3e-05
ViT-B/16,2,57,train,0.058,0.96817,3e-05
ViT-B/16,2,58,train,0.04431,0.98753,3e-05
ViT-B/16,2,59,train,0.0844,0.9995,3e-05
ViT-B/16,2,60,train,0.06741,0.98813,3e-05
ViT-B/16,2,1,val,2.23352,0.45997,0.001
ViT-B/16,2,2,val,2.08853,0.49651,0.001
ViT-B/16,2,3,val,1.9778,0.51588,0.001
ViT-B/16,2,4,val,1.82255,0.54833,0.001
ViT-B/16,2,5,val,1.73131,0.57792,0.001
ViT-B/16,2,6,val,1.62094,0.59682,0.001
ViT-B/16,2,7,val,1.50303,0.6199,0.001
ViT-B/16,2,8,val,1.40035,0.63986,0.001
ViT-B/16,2,9,val,1.35868,0.66271,0.001
ViT-B/16,2,10,val,1.20348,0.65943,0.001
ViT-B/16,2,11,val,1.17545,0.69811,0.001
ViT-B/16,2,12,val,1.0774,0.71404,0.001
ViT-B/16,2,13,val,1.02765,0.72105,0.001
ViT-B/16,2,14,val,0.97891,0.76634,0.001
ViT-B/16,2,15,val,0.88009,0.7515,0.001
ViT-B/16,2,16,val,0.83225,0.77648,0.001
ViT-B/16,2,17,val,0.79255,0.78658,0.001
ViT-B/16,2,18,val,0.75569,0.81275,0.001
ViT-B/16,2,19,val,0.70432,0.80442,0.001
ViT-B/16,2,20,val,0.66783,0.81814,0.001
ViT-B/16,2,21,val,0.62459,0.81479,0.001
ViT-B/16,2,22,val,0.62614,0.8213,0.001
ViT-B/16,2,23,val,0.55281,0.82871,0.001
ViT-B/16,2,24,val,0.55012,0.8313,0.001
ViT-B/16,2,25,val,0.48715,0.84773,0.0003
ViT-B/16,2,26,val,0.48717,0.85333,0.0003
ViT-B/16,2,27,val,0.47574,0.87433,0.0003
ViT-B/16,2,28,val,0.45651,0.87146,0.0003
ViT-B/16,2,29,val,0.42438,0.84863,0.0003
ViT-B/16,2,30,val,0.42769,0.89272,0.0003
ViT-B/16,2,31,val,0.39658,0.87951,0.0003
ViT-B/16,2,32,val,0.3727,0.86544,0.0003
ViT-B/16,2,33,val,0.33505,0.88236,0.0003
ViT-B/16,2,34,val,0.3309,0.8772,0.0003
ViT-B/16,2,35,val,0.33328,0.89237,0.0003
ViT-B/16,2,36,val,0.27619,0.89584,0.0003
ViT-B/16,2,37,val,0.28942,0.9098,0.0003
ViT-B/16,2,38,val,0.32434,0.90889,0.0003
ViT-B/16,2,39,val,0.28478,0.89882,0.0003
ViT-B/16,2,40,val,0.23767,0.90514,0.0001
ViT-B/16,2,41,val,0.29449,0.92275,0.0001
ViT-B/16,2,42,val,0.26999,0.90583,0.0001
ViT-B/16,2,43,val,0.22717,0.91602,0.0001
ViT-B/16,2,44,val,0.22854,0.89631,0.0001
ViT-B/16,2,45,val,0.19214,0.90931,0.0001
ViT-B/16,2,46,val,0.25129,0.91155,0.0001
ViT-B/16,2,47,val,0.25759,0.92896,0.0001
ViT-B/16,2,48,val,0.22119,0.93138,0.0001
ViT-B/16,2,49,val,0.21657,0.93532,0.0001
ViT-B/16,2,50,val,0.2488,0.92462,0.0001
ViT-B/16,2,51,val,0.21431,0.93202,0.0001
ViT-B/16,2,52,val,0.22867,0.92324,3e-05
ViT-B/16,2,53,val,0.20113,0.92046,3e-05
ViT-B/16,2,54,val,0.20103,0.90859,3e-05
ViT-B/16,2,55,val,0.17009,0.93294,3e-05
ViT-B/16,2,56,val,0.21295,0.92859,3e-05
ViT-B/16,2,57,val,0.19451,0.92378,3e-05
ViT-B/16,2,58,val,0.16806,0.94021,3e-05
ViT-B/16,2,59,val,0.20383,0.94186,3e-05
ViT-B/16,2,60,val,0.18364,0.93698,3e-05
ViT-B/16,3,1,train,2.17767,0.45432,0.001
ViT-B/16,3,2,train,2.02747,0.49888,0.001
ViT-B/16,3,3,train,1.86085,0.51749,0.001
ViT-B/16,3,4,train,1.74939,0.55348,0.001
ViT-B/16,3,5,train,1.59649,0.57906,0.001
ViT-B/16,3,6,train,1.48797,0.60713,0.001
ViT-B/16,3,7,train,1.36038,0.63285,0.001
ViT-B/16,3,8,train,1.26859,0.6501,0.001
ViT-B/16,3,9,train,1.19084,0.64935,0.001
ViT-B/16,3,10,train,1.08242,0.6905,0.001
ViT-B/16,3,11,train,1.02283,0.70233,0.001
ViT-B/16,3,12,train,0.94225,0.71545,0.001
ViT-B/16,3,13,train,0.8776,0.74868,0.001
ViT-B/16,3,14,train,0.80445,0.77196,0.001
ViT-B/16,3,15,train,0.73729,0.7717,0.001
ViT-B/16,3,16,train,0.71062,0.80148,0.001
ViT-B/16,3,17,train,0.65625,0.80216,0.001
ViT-B/16,3,18,train,0.62234,0.80958,0.001
ViT-B/16,3,19,train,0.55912,0.82021,0.001
ViT-B/16,3,20,train,0.5214,0.83125,0.001
ViT-B/16,3,21,train,0.50128,0.82516,0.001
ViT-B/16,3,22,train,0.44985,0.85583,0.001
ViT-B/16,3,23,train,0.4225,0.87034,0.001
ViT-B/16,3,24,train,0.36885,0.87843,0.001
ViT-B/16,3,25,train,0.40043,0.87448,0.0003
ViT-B/16,3,26,train,0.34684,0.89553,0.0003
ViT-B/16,3,27,train,0.31208,0.91928,0.0003
ViT-B/16,3,28,train,0.28889,0.90729,0.0003
ViT-B/16,3,29,train,0.29753,0.91238,0.0003
ViT-B/16,3,30,train,0.2445,0.92157,0.0003
ViT-B/16,3,31,train,0.27149,0.92155,0.0003
ViT-B/16,3,32,train,0.2333,0.9208,0.0003
ViT-B/16,3,33,train,0.23964,0.93563,0.0003
ViT-B/16,3,34,train,0.20184,0.93269,0.0003
ViT-B/16,3,35,train,0.17651,0.9265,0.0003
ViT-B/16,3,36,train,0.19013,0.92502,0.0003
ViT-B/16,3,37,train,0.18828,0.93797,0.0003
ViT-B/16,3,38,train,0.1607,0.96485,0.0003
ViT-B/16,3,39,train,0.14745,0.95569,0.0003
ViT-B/16,3,40,train,0.1439,0.93869,0.0001
ViT-B/16,3,41,train,0.12869,0.95925,0.0001
ViT-B/16,3,42,train,0.13633,0.97296,0.0001
ViT-B/16,3,43,train,0.11211,0.96905,0.0001
ViT-B/16,3,44,train,0.11371,0.94842,0.0001
ViT-B/16,3,45,train,0.12798,0.97657,0.0001
ViT-B/16,3,46,train,0.08898,0.97524,0.0001
ViT-B/16,3,47,train,0.10573,0.96288,0.0001
ViT-B/16,3,48,train,0.08631,0.97346,0.0001
ViT-B/16,3,49,train,0.0975,0.9664,0.0001
ViT-B/16,3,50,train,0.07913,0.97934,0.0001
ViT-B/16,3,51,train,0.08436,0.96679,0.0001
ViT-B/16,3,52,train,0.098,0.96782,3e-05
ViT-B/16,3,53,train,0.06724,0.98274,3e-05
ViT-B/16,3,54,train,0.09019,0.97119,3e-05
ViT-B/16,3,55,train,0.07306,0.9847,3e-05
ViT-B/16,3,56,train,0.06303,0.9995,3e-05
ViT-B/16,3,57,train,0.09612,0.96834,3e-05
ViT-B/16,3,58,train,0.06972,0.9562,3e-05
ViT-B/16,3,59,train,0.07125,0.99517,3e-05
ViT-B/16,3,60,train,0.05406,0.97533,3e-05
ViT-B/16,3,1,val,2.23388,0.45379,0.001
ViT-B/16,3,2,val,2.15307,0.48984,0.001
ViT-B/16,3,3,val,2.02176,0.50811,0.001
ViT-B/16,3,4,val,1.87401,0.5481,0.001
ViT-B/16,3,5,val,1.77437,0.57048,0.001
ViT-B/16,3,6,val,1.64447,0.58822,0.001
ViT-B/16,3,7,val,1.58009,0.61537,0.001
ViT-B/16,3,8,val,1.46816,0.62859,0.001
ViT-B/16,3,9,val,1.37654,0.63452,0.001
ViT-B/16,3,10,val,1.32792,0.67143,0.001
ViT-B/16,3,11,val,1.24013,0.68169,0.001
ViT-B/16,3,12,val,1.15408,0.69465,0.001
ViT-B/16,3,13,val,1.07958,0.72304,0.001
ViT-B/16,3,14,val,1.03006,0.74532,0.001
ViT-B/16,3,15,val,0.99021,0.7505,0.001
ViT-B/16,3,16,val,0.9254,0.77005,0.001
ViT-B/16,3,17,val,0.83922,0.77718,0.001
ViT-B/16,3,18,val,0.81144,0.77738,0.001
ViT-B/16,3,19,val,0.76201,0.78296,0.001
ViT-B/16,3,20,val,0.71758,0.79597,0.001
ViT-B/16,3,21,val,0.67686,0.79544,0.001
ViT-B/16,3,22,val,0.65986,0.81777,0.001
ViT-B/16,3,23,val,0.60027,0.8309,0.001
ViT-B/16,3,24,val,0.55571,0.83168,0.001
ViT-B/16,3,25,val,0.54847,0.83524,0.0003
ViT-B/16,3,26,val,0.55914,0.84963,0.0003
ViT-B/16,3,27,val,0.52794,0.8728,0.0003
ViT-B/16,3,28,val,0.47688,0.86545,0.0003
ViT-B/16,3,29,val,0.49638,0.86908,0.0003
ViT-B/16,3,30,val,0.47412,0.88487,0.0003
ViT-B/16,3,31,val,0.39495,0.88086,0.0003
ViT-B/16,3,32,val,0.41474,0.89403,0.0003
ViT-B/16,3,33,val,0.40908,0.89351,0.0003
ViT-B/16,3,34,val,0.36034,0.89674,0.0003
ViT-B/16,3,35,val,0.37566,0.88884,0.0003
ViT-B/16,3,36,val,0.37584,0.89202,0.0003
ViT-B/16,3,37,val,0.35548,0.90084,0.0003
ViT-B/16,3,38,val,0.29781,0.91951,0.0003
ViT-B/16,3,39,val,0.34623,0.92482,0.0003
ViT-B/16,3,40,val,0.29683,0.89811,0.0001
ViT-B/16,3,41,val,0.29542,0.91387,0.0001
ViT-B/16,3,42,val,0.28166,0.92553,0.0001
ViT-B/16,3,43,val,0.27128,0.92218,0.0001
ViT-B/16,3,44,val,0.23373,0.9053,0.0001
ViT-B/16,3,45,val,0.28913,0.92024,0.0001
ViT-B/16,3,46,val,0.2536,0.93163,0.0001
ViT-B/16,3,47,val,0.24707,0.91951,0.0001
ViT-B/16,3,48,val,0.2296,0.92573,0.0001
ViT-B/16,3,49,val,0.2596,0.91969,0.0001
ViT-B/16,3,50,val,0.19228,0.94333,0.0001
ViT-B/16,3,51,val,0.20248,0.92271,0.0001
ViT-B/16,3,52,val,0.23382,0.918,3e-05
ViT-B/16,3,53,val,0.23091,0.93663,3e-05
ViT-B/16,3,54,val,0.24071,0.92603,3e-05
ViT-B/16,3,55,val,0.20826,0.93511,3e-05
ViT-B/16,3,56,val,0.22581,0.95675,3e-05
ViT-B/16,3,57,val,0.18815,0.92445,3e-05
ViT-B/16,3,58,val,0.20309,0.91872,3e-05
ViT-B/16,3,59,val,0.16962,0.93981,3e-05
ViT-B/16,3,60,val,0.22174,0.93417,3e-05
ViT-B/16,4,1,train,2.16603,0.45885,0.001
ViT-B/16,4,2,train,1.98894,0.49922,0.001
ViT-B/16,4,3,train,1.84134,0.52005,0.001
ViT-B/16,4,4,train,1.68791,0.53924,0.001
ViT-B/16,4,5,train,1.56764,0.58545,0.001
ViT-B/16,4,6,train,1.43534,0.60021,0.001
ViT-B/16,4,7,train,1.32574,0.61877,0.001
ViT-B/16,4,8,train,1.23235,0.66215,0.001
ViT-B/16,4,9,train,1.13469,0.67268,0.001
ViT-B/16,4,10,train,1.05448,0.69655,0.001
ViT-B/16,4,11,train,0.95518,0.70717,0.001
ViT-B/16,4,12,train,0.88229,0.72247,0.001
ViT-B/16,4,13,train,0.81678,0.74313,0.001
ViT-B/16,4,14,train,0.76308,0.75967,0.001
ViT-B/16,4,15,train,0.6875,0.76884,0.001
ViT-B/16,4,16,train,0.65777,0.79212,0.001
ViT-B/16,4,17,train,0.61923,0.79425,0.001
ViT-B/16,4,18,train,0.56028,0.80795,0.001
ViT-B/16,4,19,train,0.4928,0.81663,0.001
ViT-B/16,4,20,train,0.49325,0.79945,0.001
ViT-B/16,4,21,train,0.4284,0.82049,0.001
ViT-B/16,4,22,train,0.44099,0.84424,0.001
ViT-B/16,4,23,train,0.36257,0.8615,0.001
ViT-B/16,4,24,train,0.36794,0.86049,0.001
ViT-B/16,4,25,train,0.32395,0.8761,0.0003
ViT-B/16,4,26,train,0.30603,0.87043,0.0003
ViT-B/16,4,27,train,0.26423,0.87434,0.0003
ViT-B/16,4,28,train,0.27675,0.873,0.0003
ViT-B/16,4,29,train,0.2406,0.88824,0.0003
ViT-B/16,4,30,train,0.22977,0.90515,0.0003
ViT-B/16,4,31,train,0.22968,0.89362,0.0003
ViT-B/16,4,32,train,0.2045,0.91136,0.0003
ViT-B/16,4,33,train,0.19539,0.91113,0.0003
ViT-B/16,4,34,train,0.18269,0.91373,0.0003
ViT-B/16,4,35,train,0.15738,0.91084,0.0003
ViT-B/16,4,36,train,0.12893,0.92168,0.0003
ViT-B/16,4,37,train,0.15796,0.935,0.0003
ViT-B/16,4,38,train,0.13415,0.93415,0.0003
ViT-B/16,4,39,train,0.14078,0.9196,0.0003
ViT-B/16,4,40,train,0.14526,0.96057,0.0001
ViT-B/16,4,41,train,0.14233,0.93399,0.0001
ViT-B/16,4,42,train,0.10436,0.92093,0.0001
ViT-B/16,4,43,train,0.12418,0.94096,0.0001
ViT-B/16,4,44,train,0.12782,0.94782,0.0001
ViT-B/16,4,45,train,0.10112,0.95432,0.0001
ViT-B/16,4,46,train,0.09204,0.95467,0.0001
ViT-B/16,4,47,train,0.06948,0.94892,0.0001
ViT-B/16,4,48,train,0.08696,0.96034,0.0001
ViT-B/16,4,49,train,0.09299,0.95111,0.0001
ViT-B/16,4,50,train,0.102,0.95807,0.0001
ViT-B/16,4,51,train,0.06146,0.94585,0.0001
ViT-B/16,4,52,train,0.05672,0.96198,3e-05
ViT-B/16,4,53,train,0.084,0.95812,3e-05
ViT-B/16,4,54,train,0.07844,0.95658,3e-05
ViT-B/16,4,55,train,0.05727,0.96465,3e-05
ViT-B/16,4,56,train,0.07647,0.96768,3e-05
ViT-B/16,4,57,train,0.05587,0.95612,3e-05
ViT-B/16,4,58,train,0.06843,0.95634,3e-05
ViT-B/16,4,59,train,0.05673,0.95579,3e-05
ViT-B/16,4,60,train,0.06888,0.95243,3e-05
ViT-B/16,4,1,val,2.25391,0.45992,0.001
ViT-B/16,4,2,val,2.14097,0.4948,0.001
ViT-B/16,4,3,val,1.9642,0.51499,0.001
ViT-B/16,4,4,val,1.82481,0.53199,0.001
ViT-B/16,4,5,val,1.72172,0.56463,0.001
ViT-B/16,4,6,val,1.64598,0.58293,0.001
ViT-B/16,4,7,val,1.5429,0.60477,0.001
ViT-B/16,4,8,val,1.42493,0.64048,0.001
ViT-B/16,4,9,val,1.38426,0.65821,0.001
ViT-B/16,4,10,val,1.2587,0.67355,0.001
ViT-B/16,4,11,val,1.17952,0.67948,0.001
ViT-B/16,4,12,val,1.14227,0.69875,0.001
ViT-B/16,4,13,val,1.02889,0.71552,0.001
ViT-B/16,4,14,val,0.99486,0.73586,0.001
ViT-B/16,4,15,val,0.91452,0.7389,0.001
ViT-B/16,4,16,val,0.87643,0.75852,0.001
ViT-B/16,4,17,val,0.83609,0.76504,0.001
ViT-B/16,4,18,val,0.76328,0.77463,0.001
ViT-B/16,4,19,val,0.71328,0.78895,0.001
ViT-B/16,4,20,val,0.67986,0.78185,0.001
ViT-B/16,4,21,val,0.67259,0.78485,0.001
ViT-B/16,4,22,val,0.62174,0.80353,0.001
ViT-B/16,4,23,val,0.59115,0.82914,0.001
ViT-B/16,4,24,val,0.56166,0.82323,0.001
ViT-B/16,4,25,val,0.5412,0.83989,0.0003
ViT-B/16,4,26,val,0.50928,0.83769,0.0003
ViT-B/16,4,27,val,0.51748,0.83101,0.0003
ViT-B/16,4,28,val,0.49353,0.83206,0.0003
ViT-B/16,4,29,val,0.4717,0.84683,0.0003
ViT-B/16,4,30,val,0.38335,0.86369,0.0003
ViT-B/16,4,31,val,0.42004,0.84333,0.0003
ViT-B/16,4,32,val,0.3825,0.87154,0.0003
ViT-B/16,4,33,val,0.37725,0.86889,0.0003
ViT-B/16,4,34,val,0.36237,0.87284,0.0003
ViT-B/16,4,35,val,0.36481,0.8649,0.0003
ViT-B/16,4,36,val,0.30205,0.88095,0.0003
ViT-B/16,4,37,val,0.31907,0.89334,0.0003
ViT-B/16,4,38,val,0.30373,0.88105,0.0003
ViT-B/16,4,39,val,0.28476,0.88409,0.0003
ViT-B/16,4,40,val,0.2881,0.90408,0.0001
ViT-B/16,4,41,val,0.29886,0.89195,0.0001
ViT-B/16,4,42,val,0.26516,0.87864,0.0001
ViT-B/16,4,43,val,0.26111,0.88996,0.0001
ViT-B/16,4,44,val,0.26506,0.89751,0.0001
ViT-B/16,4,45,val,0.26783,0.91145,0.0001
ViT-B/16,4,46,val,0.23034,0.91982,0.0001
ViT-B/16,4,47,val,0.21492,0.90712,0.0001
ViT-B/16,4,48,val,0.25227,0.90276,0.0001
ViT-B/16,4,49,val,0.22093,0.90681,0.0001
ViT-B/16,4,50,val,0.22141,0.9138,0.0001
ViT-B/16,4,51,val,0.21856,0.89954,0.0001
ViT-B/16,4,52,val,0.22446,0.90891,3e-05
ViT-B/16,4,53,val,0.21818,0.9052,3e-05
ViT-B/16,4,54,val,0.19965,0.91536,3e-05
ViT-B/16,4,55,val,0.20837,0.91382,3e-05
ViT-B/16,4,56,val,0.22401,0.91028,3e-05
ViT-B/16,4,57,val,0.18998,0.90388,3e-05
ViT-B/16,4,58,val,0.16728,0.91013,3e-05
ViT-B/16,4,59,val,0.15972,0.9146,3e-05
ViT-B/16,4,60,val,0.18631,0.90173,3e-05
ConvNeXt-T,0,1,train,2.14007,0.45157,0.001
ConvNeXt-T,0,2,train,1.99345,0.49703,0.001
ConvNeXt-T,0,3,train,1.83242,0.53357,0.001
ConvNeXt-T,0,4,train,1.65437,0.55164,0.001
ConvNeXt-T,0,5,train,1.52622,0.58274,0.001
ConvNeXt-T,0,6,train,1.3984,0.61556,0.001
ConvNeXt-T,0,7,train,1.28938,0.63521,0.001
ConvNeXt-T,0,8,train,1.16238,0.65411,0.001
ConvNeXt-T,0,9,train,1.08125,0.68441,0.001
ConvNeXt-T,0,10,train,0.98579,0.69962,0.001
ConvNeXt-T,0,11,train,0.92859,0.72142,0.001
ConvNeXt-T,0,12,train,0.83548,0.73736,0.001
ConvNeXt-T,0,13,train,0.7892,0.75416,0.001
ConvNeXt-T,0,14,train,0.70515,0.75696,0.001
ConvNeXt-T,0,15,train,0.66541,0.78033,0.001
ConvNeXt-T,0,16,train,0.60975,0.78728,0.001
ConvNeXt-T,0,17,train,0.57108,0.79602,0.001
ConvNeXt-T,0,18,train,0.52057,0.80746,0.001
ConvNeXt-T,0,19,train,0.48574,0.81968,0.001
ConvNeXt-T,0,20,train,0.44944,0.83131,0.001
ConvNeXt-T,0,21,train,0.40307,0.8309,0.001
ConvNeXt-T,0,22,train,0.38513,0.84106,0.001
ConvNeXt-T,0,23,train,0.35747,0.85936,0.001
ConvNeXt-T,0,24,train,0.33878,0.85986,0.001
ConvNeXt-T,0,25,train,0.30085,0.88599,0.0003
ConvNeXt-T,0,26,train,0.28666,0.88279,0.0003
ConvNeXt-T,0,27,train,0.24834,0.88158,0.0003
ConvNeXt-T,0,28,train,0.2382,0.89586,0.0003
ConvNeXt-T,0,29,train,0.21878,0.90148,0.0003
ConvNeXt-T,0,30,train,0.20484,0.90733,0.0003
ConvNeXt-T,0,31,train,0.21425,0.89468,0.0003
ConvNeXt-T,0,32,train,0.19284,0.90592,0.0003
ConvNeXt-T,0,33,train,0.1807,0.91474,0.0003
ConvNeXt-T,0,34,train,0.14335,0.92254,0.0003
ConvNeXt-T,0,35,train,0.16631,0.92166,0.0003
ConvNeXt-T,0,36,train,0.12184,0.91757,0.0003
ConvNeXt-T,0,37,train,0.11908,0.92586,0.0003
ConvNeXt-T,0,38,train,0.14605,0.92324,0.0003
ConvNeXt-T,0,39,train,0.11599,0.93127,0.0003
ConvNeXt-T,0,40,train,0.11994,0.93785,0.0001
ConvNeXt-T,0,41,train,0.1005,0.94339,0.0001
ConvNeXt-T,0,42,train,0.12723,0.94332,0.0001
ConvNeXt-T,0,43,train,0.12652,0.9456,0.0001
ConvNeXt-T,0,44,train,0.07987,0.94311,0.0001
ConvNeXt-T,0,45,train,0.10249,0.95242,0.0001
ConvNeXt-T,0,46,train,0.09504,0.94171,0.0001
ConvNeXt-T,0,47,train,0.09072,0.94883,0.0001
ConvNeXt-T,0,48,train,0.07789,0.95479,0.0001
ConvNeXt-T,0,49,train,0.07027,0.95543,0.0001
ConvNeXt-T,0,50,train,0.0924,0.95993,0.0001
ConvNeXt-T,0,51,train,0.07387,0.94439,0.0001
ConvNeXt-T,0,52,train,0.07387,0.94922,3e-05
ConvNeXt-T,0,53,train,0.0714,0.95587,3e-05
ConvNeXt-T,0,54,train,0.06603,0.95587,3e-05
ConvNeXt-T,0,55,train,0.06846,0.95724,3e-05
ConvNeXt-T,0,56,train,0.07351,0.95854,3e-05
ConvNeXt-T,0,57,train,0.06164,0.96805,3e-05
ConvNeXt-T,0,58,train,0.05815,0.96263,3e-05
ConvNeXt-T,0,59,train,0.04608,0.95366,3e-05
ConvNeXt-T,0,60,train,0.08167,0.95748,3e-05
ConvNeXt-T,0,1,val,2.23252,0.45386,0.001
ConvNeXt-T,0,2,val,2.07457,0.49237,0.001
ConvNeXt-T,0,3,val,1.92458,0.52381,0.001
ConvNeXt-T,0,4,val,1.80603,0.55076,0.001
ConvNeXt-T,0,5,val,1.69435,0.57971,0.001
ConvNeXt-T,0,6,val,1.55163,0.60657,0.001
ConvNeXt-T,0,7,val,1.45336,0.62864,0.001
ConvNeXt-T,0,8,val,1.3961,0.64867,0.001
ConvNeXt-T,0,9,val,1.27824,0.67509,0.001
ConvNeXt-T,0,10,val,1.19049,0.69091,0.001
ConvNeXt-T,0,11,val,1.13382,0.7134,0.001
ConvNeXt-T,0,12,val,1.08558,0.72379,0.001
ConvNeXt-T,0,13,val,1.00859,0.74302,0.001
ConvNeXt-T,0,14,val,0.92077,0.74439,0.001
ConvNeXt-T,0,15,val,0.88089,0.76909,0.001
ConvNeXt-T,0,16,val,0.81008,0.77761,0.001
ConvNeXt-T,0,17,val,0.75843,0.78643,0.001
ConvNeXt-T,0,18,val,0.71957,0.79608,0.001
ConvNeXt-T,0,19,val,0.67834,0.80716,0.001
ConvNeXt-T,0,20,val,0.643,0.81747,0.001
ConvNeXt-T,0,21,val,0.5878,0.81618,0.001
ConvNeXt-T,0,22,val,0.54793,0.82763,0.001
ConvNeXt-T,0,23,val,0.54353,0.84509,0.001
ConvNeXt-T,0,24,val,0.46205,0.84508,0.001
ConvNeXt-T,0,25,val,0.46409,0.86861,0.0003
ConvNeXt-T,0,26,val,0.46446,0.86762,0.0003
ConvNeXt-T,0,27,val,0.46405,0.86628,0.0003
ConvNeXt-T,0,28,val,0.41007,0.87928,0.0003
ConvNeXt-T,0,29,val,0.39222,0.88701,0.0003
ConvNeXt-T,0,30,val,0.35091,0.89065,0.0003
ConvNeXt-T,0,31,val,0.32918,0.88256,0.0003
ConvNeXt-T,0,32,val,0.36931,0.88966,0.0003
ConvNeXt-T,0,33,val,0.31873,0.89629,0.0003
ConvNeXt-T,0,34,val,0.2974,0.90198,0.0003
ConvNeXt-T,0,35,val,0.28551,0.90634,0.0003
ConvNeXt-T,0,36,val,0.28896,0.89911,0.0003
ConvNeXt-T,0,37,val,0.29779,0.90897,0.0003
ConvNeXt-T,0,38,val,0.27357,0.90346,0.0003
ConvNeXt-T,0,39,val,0.27345,0.90382,0.0003
ConvNeXt-T,0,40,val,0.24187,0.92163,0.0001
ConvNeXt-T,0,41,val,0.23278,0.92413,0.0001
ConvNeXt-T,0,42,val,0.19899,0.92614,0.0001
ConvNeXt-T,0,43,val,0.21461,0.92504,0.0001
ConvNeXt-T,0,44,val,0.22528,0.91848,0.0001
ConvNeXt-T,0,45,val,0.18401,0.93797,0.0001
ConvNeXt-T,0,46,val,0.2244,0.92612,0.0001
ConvNeXt-T,0,47,val,0.21772,0.93154,0.0001
ConvNeXt-T,0,48,val,0.17871,0.93609,0.0001
ConvNeXt-T,0,49,val,0.1741,0.93907,0.0001
ConvNeXt-T,0,50,val,0.1851,0.94071,0.0001
ConvNeXt-T,0,51,val,0.13896,0.92899,0.0001
ConvNeXt-T,0,52,val,0.18755,0.92868,3e-05
ConvNeXt-T,0,53,val,0.16956,0.93885,3e-05
ConvNeXt-T,0,54,val,0.1377,0.93388,3e-05
ConvNeXt-T,0,55,val,0.16001,0.93858,3e-05
ConvNeXt-T,0,56,val,0.14314,0.94005,3e-05
ConvNeXt-T,0,57,val,0.13447,0.94224,3e-05
ConvNeXt-T,0,58,val,0.12311,0.94427,3e-05
ConvNeXt-T,0,59,val,0.1885,0.93282,3e-05
ConvNeXt-T,0,60,val,0.16261,0.93922,3e-05
ConvNeXt-T,1,1,train,2.1632,0.4519,0.001
ConvNeXt-T,1,2,train,2.01059,0.48134,0.001
ConvNeXt-T,1,3,train,1.87748,0.51563,0.001
ConvNeXt-T,1,4,train,1.71877,0.54606,0.001
ConvNeXt-T,1,5,train,1.58998,0.57627,0.001
ConvNeXt-T,1,6,train,1.48949,0.59047,0.001
ConvNeXt-T,1,7,train,1.36548,0.62269,0.001
ConvNeXt-T,1,8,train,1.25751,0.64531,0.001
ConvNeXt-T,1,9,train,1.18338,0.66267,0.001
ConvNeXt-T,1,10,train,1.08575,0.68558,0.001
ConvNeXt-T,1,11,train,1.00135,0.69319,0.001
ConvNeXt-T,1,12,train,0.94158,0.72365,0.001
ConvNeXt-T,1,13,train,0.86321,0.72213,0.001
ConvNeXt-T,1,14,train,0.78592,0.73255,0.001
ConvNeXt-T,1,15,train,0.76176,0.75343,0.001
ConvNeXt-T,1,16,train,0.71231,0.77414,0.001
ConvNeXt-T,1,17,train,0.64977,0.77021,0.001
ConvNeXt-T,1,18,train,0.58619,0.7824,0.001
ConvNeXt-T,1,19,train,0.55118,0.79371,0.001
ConvNeXt-T,1,20,train,0.50677,0.80047,0.001
ConvNeXt-T,1,21,train,0.47086,0.82269,0.001
ConvNeXt-T,1,22,train,0.45853,0.82431,0.001
ConvNeXt-T,1,23,train,0.41171,0.83386,0.001
ConvNeXt-T,1,24,train,0.38969,0.84039,0.001
ConvNeXt-T,1,25,train,0.36122,0.85419,0.0003
ConvNeXt-T,1,26,train,0.35163,0.87664,0.0003
ConvNeXt-T,1,27,train,0.33159,0.86754,0.0003
ConvNeXt-T,1,28,train,0.30472,0.87986,0.0003
ConvNeXt-T,1,29,train,0.25388,0.88574,0.0003
ConvNeXt-T,1,30,train,0.2727,0.88489,0.0003
ConvNeXt-T,1,31,train,0.23047,0.8805,0.0003
ConvNeXt-T,1,32,train,0.2308,0.90308,0.0003
ConvNeXt-T,1,33,train,0.23534,0.91211,0.0003
ConvNeXt-T,1,34,train,0.20919,0.8981,0.0003
ConvNeXt-T,1,35,train,0.1663,0.90568,0.0003
ConvNeXt-T,1,36,train,0.17944,0.90228,0.0003
ConvNeXt-T,1,37,train,0.15978,0.91236,0.0003
ConvNeXt-T,1,38,train,0.15833,0.91788,0.0003
ConvNeXt-T,1,39,train,0.15772,0.91987,0.0003
ConvNeXt-T,1,40,train,0.13704,0.9244,0.0001
ConvNeXt-T,1,41,train,0.14356,0.92585,0.0001
ConvNeXt-T,1,42,train,0.14957,0.92293,0.0001
ConvNeXt-T,1,43,train,0.13335,0.93573,0.0001
ConvNeXt-T,1,44,train,0.11423,0.93981,0.0001
ConvNeXt-T,1,45,train,0.08412,0.9396,0.0001
ConvNeXt-T,1,46,train,0.10759,0.94777,0.0001
ConvNeXt-T,1,47,train,0.10942,0.92909,0.0001
ConvNeXt-T,1,48,train,0.09257,0.94106,0.0001
ConvNeXt-T,1,49,train,0.10186,0.93864,0.0001
ConvNeXt-T,1,50,train,0.09121,0.93944,0.0001
ConvNeXt-T,1,51,train,0.06138,0.95875,0.0001
ConvNeXt-T,1,52,train,0.06106,0.95613,3e-05
ConvNeXt-T,1,53,train,0.07314,0.94959,3e-05
ConvNeXt-T,1,54,train,0.06418,0.95121,3e-05
ConvNeXt-T,1,55,train,0.08442,0.95323,3e-05
ConvNeXt-T,1,56,train,0.08285,0.95366,3e-05
ConvNeXt-T,1,57,train,0.06785,0.95711,3e-05
ConvNeXt-T,1,58,train,0.07643,0.94526,3e-05
ConvNeXt-T,1,59,train,0.05534,0.95574,3e-05
ConvNeXt-T,1,60,train,0.05688,0.93774,3e-05
ConvNeXt-T,1,1,val,2.23554,0.45324,0.001
ConvNeXt-T,1,2,val,2.1038,0.47914,0.001
ConvNeXt-T,1,3,val,1.98703,0.51335,0.001
ConvNeXt-T,1,4,val,1.84951,0.54261,0.001
ConvNeXt-T,1,5,val,1.76426,0.57081,0.001
ConvNeXt-T,1,6,val,1.64486,0.5843,0.001
ConvNeXt-T,1,7,val,1.52979,0.61942,0.001
ConvNeXt-T,1,8,val,1.47538,0.64038,0.001
ConvNeXt-T,1,9,val,1.36656,0.65676,0.001
ConvNeXt-T,1,10,val,1.28663,0.67194,0.001
ConvNeXt-T,1,11,val,1.1848,0.68823,0.001
ConvNeXt-T,1,12,val,1.16702,0.71378,0.001
ConvNeXt-T,1,13,val,1.09918,0.70581,0.001
ConvNeXt-T,1,14,val,1.01737,0.7278,0.001
ConvNeXt-T,1,15,val,0.93561,0.74458,0.001
ConvNeXt-T,1,16,val,0.90887,0.76255,0.001
ConvNeXt-T,1,17,val,0.88499,0.76093,0.001
ConvNeXt-T,1,18,val,0.79239,0.77212,0.001
ConvNeXt-T,1,19,val,0.80448,0.78523,0.001
ConvNeXt-T,1,20,val,0.73136,0.79103,0.001
ConvNeXt-T,1,21,val,0.68841,0.8112,0.001
ConvNeXt-T,1,22,val,0.66652,0.81769,0.001
ConvNeXt-T,1,23,val,0.61116,0.82038,0.001
ConvNeXt-T,1,24,val,0.58609,0.82725,0.001
ConvNeXt-T,1,25,val,0.55248,0.83767,0.0003
ConvNeXt-T,1,26,val,0.54866,0.85955,0.0003
ConvNeXt-T,1,27,val,0.48662,0.85193,0.0003
ConvNeXt-T,1,28,val,0.46316,0.86497,0.0003
ConvNeXt-T,1,29,val,0.42334,0.86892,0.0003
ConvNeXt-T,1,30,val,0.479,0.86956,0.0003
ConvNeXt-T,1,31,val,0.45403,0.87234,0.0003
ConvNeXt-T,1,32,val,0.39462,0.88175,0.0003
ConvNeXt-T,1,33,val,0.35598,0.88923,0.0003
ConvNeXt-T,1,34,val,0.37189,0.88548,0.0003
ConvNeXt-T,1,35,val,0.38685,0.88852,0.0003
ConvNeXt-T,1,36,val,0.33445,0.89154,0.0003
ConvNeXt-T,1,37,val,0.31631,0.89599,0.0003
ConvNeXt-T,1,38,val,0.32406,0.89707,0.0003
ConvNeXt-T,1,39,val,0.33548,0.9045,0.0003
ConvNeXt-T,1,40,val,0.29644,0.90326,0.0001
ConvNeXt-T,1,41,val,0.26352,0.91484,0.0001
ConvNeXt-T,1,42,val,0.25193,0.9063,0.0001
ConvNeXt-T,1,43,val,0.26899,0.91777,0.0001
ConvNeXt-T,1,44,val,0.25334,0.91845,0.0001
ConvNeXt-T,1,45,val,0.22222,0.9156,0.0001
ConvNeXt-T,1,46,val,0.19863,0.92646,0.0001
ConvNeXt-T,1,47,val,0.22927,0.91308,0.0001
ConvNeXt-T,1,48,val,0.21208,0.92025,0.0001
ConvNeXt-T,1,49,val,0.1937,0.91897,0.0001
ConvNeXt-T,1,50,val,0.21654,0.92348,0.0001
ConvNeXt-T,1,51,val,0.22569,0.9404,0.0001
ConvNeXt-T,1,52,val,0.19307,0.93229,3e-05
ConvNeXt-T,1,53,val,0.19174,0.93203,3e-05
ConvNeXt-T,1,54,val,0.18626,0.93099,3e-05
ConvNeXt-T,1,55,val,0.1663,0.93364,3e-05
ConvNeXt-T,1,56,val,0.18964,0.93164,3e-05
ConvNeXt-T,1,57,val,0.18139,0.93466,3e-05
ConvNeXt-T,1,58,val,0.17729,0.93189,3e-05
ConvNeXt-T,1,59,val,0.18127,0.93653,3e-05
ConvNeXt-T,1,60,val,0.15772,0.92346,3e-05
ConvNeXt-T,2,1,train,2.11773,0.46811,0.001
ConvNeXt-T,2,2,train,1.90571,0.51359,0.001
ConvNeXt-T,2,3,train,1.69694,0.54218,0.001
ConvNeXt-T,2,4,train,1.52824,0.57178,0.001
ConvNeXt-T,2,5,train,1.3659,0.61335,0.001
ConvNeXt-T,2,6,train,1.22468,0.64941,0.001
ConvNeXt-T,2,7,train,1.12072,0.66805,0.001
ConvNeXt-T,2,8,train,0.97876,0.68955,0.001
ConvNeXt-T,2,9,train,0.91542,0.71555,0.001
ConvNeXt-T,2,10,train,0.79756,0.72854,0.001
ConvNeXt-T,2,11,train,0.73415,0.75139,0.001
ConvNeXt-T,2,12,train,0.64202,0.77155,0.001
ConvNeXt-T,2,13,train,0.60474,0.79264,0.001
ConvNeXt-T,2,14,train,0.55314,0.79536,0.001
ConvNeXt-T,2,15,train,0.46159,0.81538,0.001
ConvNeXt-T,2,16,train,0.43497,0.81411,0.001
ConvNeXt-T,2,17,train,0.3973,0.82759,0.001
ConvNeXt-T,2,18,train,0.38111,0.83421,0.001
ConvNeXt-T,2,19,train,0.35769,0.85865,0.001
ConvNeXt-T,2,20,train,0.3027,0.86385,0.001
ConvNeXt-T,2,21,train,0.29516,0.86474,0.001
ConvNeXt-T,2,22,train,0.25511,0.86739,0.001
ConvNeXt-T,2,23,train,0.2467,0.87465,0.001
ConvNeXt-T,2,24,train,0.21949,0.8797,0.001
ConvNeXt-T,2,25,train,0.16547,0.89968,0.0003
ConvNeXt-T,2,26,train,0.18587,0.90661,0.0003
ConvNeXt-T,2,27,train,0.14369,0.91302,0.0003
ConvNeXt-T,2,28,train,0.13568,0.9125,0.0003
ConvNeXt-T,2,29,train,0.14274,0.91768,0.0003
ConvNeXt-T,2,30,train,0.12616,0.92703,0.0003
ConvNeXt-T,2,31,train,0.12727,0.92275,0.0003
ConvNeXt-T,2,32,train,0.11364,0.91524,0.0003
ConvNeXt-T,2,33,train,0.10998,0.93119,0.0003
ConvNeXt-T,2,34,train,0.11022,0.9278,0.0003
ConvNeXt-T,2,35,train,0.08245,0.93574,0.0003
ConvNeXt-T,2,36,train,0.08005,0.93158,0.0003
ConvNeXt-T,2,37,train,0.10408,0.93229,0.0003
ConvNeXt-T,2,38,train,0.09591,0.93154,0.0003
ConvNeXt-T,2,39,train,0.08042,0.93875,0.0003
ConvNeXt-T,2,40,train,0.06788,0.94503,0.0001
ConvNeXt-T,2,41,train,0.07018,0.93561,0.0001
ConvNeXt-T,2,42,train,0.07959,0.94976,0.0001
ConvNeXt-T,2,43,train,0.05971,0.94977,0.0001
ConvNeXt-T,2,44,train,0.06633,0.94343,0.0001
ConvNeXt-T,2,45,train,0.05668,0.95079,0.0001
ConvNeXt-T,2,46,train,0.09043,0.94501,0.0001
ConvNeXt-T,2,47,train,0.06968,0.95212,0.0001
ConvNeXt-T,2,48,train,0.06846,0.95857,0.0001
ConvNeXt-T,2,49,train,0.06224,0.95555,0.0001
ConvNeXt-T,2,50,train,0.04638,0.94464,0.0001
ConvNeXt-T,2,51,train,0.05709,0.94919,0.0001
ConvNeXt-T,2,52,train,0.04494,0.93967,3e-05
ConvNeXt-T,2,53,train,0.04157,0.95332,3e-05
ConvNeXt-T,2,54,train,0.0848,0.94112,3e-05
ConvNeXt-T,2,55,train,0.05232,0.9585,3e-05
ConvNeXt-T,2,56,train,0.06208,0.95702,3e-05
ConvNeXt-T,2,57,train,0.04641,0.95022,3e-05
ConvNeXt-T,2,58,train,0.06602,0.96051,3e-05
ConvNeXt-T,2,59,train,0.0155,0.95564,3e-05
ConvNeXt-T,2,60,train,0.03753,0.95678,3e-05
ConvNeXt-T,2,1,val,2.19603,0.46889,0.001
ConvNeXt-T,2,2,val,1.99419,0.50472,0.001
ConvNeXt-T,2,3,val,1.85105,0.54162,0.001
ConvNeXt-T,2,4,val,1.70889,0.56842,0.001
ConvNeXt-T,2,5,val,1.53837,0.60737,0.001
ConvNeXt-T,2,6,val,1.41504,0.63963,0.001
ConvNeXt-T,2,7,val,1.28514,0.66008,0.001
ConvNeXt-T,2,8,val,1.16167,0.68854,0.001
ConvNeXt-T,2,9,val,1.0929,0.70856,0.001
ConvNeXt-T,2,10,val,1.00454,0.72022,0.001
ConvNeXt-T,2,11,val,0.9463,0.74567,0.001
ConvNeXt-T,2,12,val,0.88591,0.76198,0.001
ConvNeXt-T,2,13,val,0.76314,0.78071,0.001
ConvNeXt-T,2,14,val,0.73341,0.77931,0.001
ConvNeXt-T,2,15,val,0.66388,0.804,0.001
ConvNeXt-T,2,16,val,0.64148,0.80453,0.001
ConvNeXt-T,2,17,val,0.59134,0.81488,0.001
ConvNeXt-T,2,18,val,0.54642,0.826,0.001
ConvNeXt-T,2,19,val,0.52637,0.84462,0.001
ConvNeXt-T,2,20,val,0.47175,0.84686,0.001
ConvNeXt-T,2,21,val,0.42259,0.85351,0.001
ConvNeXt-T,2,22,val,0.45573,0.85374,0.001
ConvNeXt-T,2,23,val,0.38148,0.86023,0.001
ConvNeXt-T,2,24,val,0.38166,0.87055,0.001
ConvNeXt-T,2,25,val,0.34161,0.8827,0.0003
ConvNeXt-T,2,26,val,0.34621,0.89346,0.0003
ConvNeXt-T,2,27,val,0.29231,0.89824,0.0003
ConvNeXt-T,2,28,val,0.28933,0.8967,0.0003
ConvNeXt-T,2,29,val,0.25775,0.90325,0.0003
ConvNeXt-T,2,30,val,0.2362,0.90816,0.0003
ConvNeXt-T,2,31,val,0.23555,0.90887,0.0003
ConvNeXt-T,2,32,val,0.23798,0.90422,0.0003
ConvNeXt-T,2,33,val,0.21267,0.9131,0.0003
ConvNeXt-T,2,34,val,0.21471,0.91269,0.0003
ConvNeXt-T,2,35,val,0.19766,0.91889,0.0003
ConvNeXt-T,2,36,val,0.20321,0.91815,0.0003
ConvNeXt-T,2,37,val,0.19412,0.91482,0.0003
ConvNeXt-T,2,38,val,0.21368,0.91681,0.0003
ConvNeXt-T,2,39,val,0.17005,0.9176,0.0003
ConvNeXt-T,2,40,val,0.17447,0.92352,0.0001
ConvNeXt-T,2,41,val,0.18514,0.91876,0.0001
ConvNeXt-T,2,42,val,0.18616,0.93515,0.0001
ConvNeXt-T,2,43,val,0.17795,0.93097,0.0001
ConvNeXt-T,2,44,val,0.12781,0.92452,0.0001
ConvNeXt-T,2,45,val,0.18223,0.92863,0.0001
ConvNeXt-T,2,46,val,0.17945,0.92926,0.0001
ConvNeXt-T,2,47,val,0.10463,0.9321,0.0001
ConvNeXt-T,2,48,val,0.15635,0.93615,0.0001
ConvNeXt-T,2,49,val,0.15362,0.93273,0.0001
ConvNeXt-T,2,50,val,0.12846,0.92683,0.0001
ConvNeXt-T,2,51,val,0.17856,0.93304,0.0001
ConvNeXt-T,2,52,val,0.17875,0.92201,3e-05
ConvNeXt-T,2,53,val,0.15542,0.93511,3e-05
ConvNeXt-T,2,54,val,0.15827,0.92637,3e-05
ConvNeXt-T,2,55,val,0.13755,0.9394,3e-05
ConvNeXt-T,2,56,val,0.11425,0.93752,3e-05
ConvNeXt-T,2,57,val,0.12978,0.93117,3e-05
ConvNeXt-T,2,58,val,0.13987,0.93923,3e-05
ConvNeXt-T,2,59,val,0.13232,0.93344,3e-05
ConvNeXt-T,2,60,val,0.15759,0.9374,3e-05
ConvNeXt-T,3,1,train,2.11984,0.46009,0.001
ConvNeXt-T,3,2,train,1.95324,0.49447,0.001
ConvNeXt-T,3,3,train,1.75305,0.53185,0.001
ConvNeXt-T,3,4,train,1.64654,0.5592,0.001
ConvNeXt-T,3,5,train,1.48485,0.58136,0.001
ConvNeXt-T,3,6,train,1.3733,0.61979,0.001
ConvNeXt-T,3,7,train,1.2554,0.64079,0.001
ConvNeXt-T,3,8,train,1.16198,0.66275,0.001
ConvNeXt-T,3,9,train,1.05569,0.69117,0.001
ConvNeXt-T,3,10,train,0.9734,0.69781,0.001
ConvNeXt-T,3,11,train,0.88512,0.72081,0.001
ConvNeXt-T,3,12,train,0.81012,0.74321,0.001
ConvNeXt-T,3,13,train,0.73271,0.75535,0.001
ConvNeXt-T,3,14,train,0.67959,0.76972,0.001
ConvNeXt-T,3,15,train,0.62327,0.78487,0.001
ConvNeXt-T,3,16,train,0.56535,0.79113,0.001
ConvNeXt-T,3,17,train,0.51469,0.81172,0.001
ConvNeXt-T,3,18,train,0.46729,0.81497,0.001
ConvNeXt-T,3,19,train,0.43603,0.83082,0.001
ConvNeXt-T,3,20,train,0.41124,0.84081,0.001
ConvNeXt-T,3,21,train,0.36105,0.85036,0.001
ConvNeXt-T,3,22,train,0.36447,0.85311,0.001
ConvNeXt-T,3,23,train,0.33906,0.86895,0.001
ConvNeXt-T,3,24,train,0.30252,0.8552,0.001
ConvNeXt-T,3,25,train,0.26092,0.88478,0.0003
ConvNeXt-T,3,26,train,0.26585,0.89352,0.0003
ConvNeXt-T,3,27,train,0.25462,0.89529,0.0003
ConvNeXt-T,3,28,train,0.21397,0.89457,0.0003
ConvNeXt-T,3,29,train,0.20988,0.90954,0.0003
ConvNeXt-T,3,30,train,0.20782,0.90216,0.0003
ConvNeXt-T,3,31,train,0.18829,0.90374,0.0003
ConvNeXt-T,3,32,train,0.18346,0.91126,0.0003
ConvNeXt-T,3,33,train,0.16143,0.92024,0.0003
ConvNeXt-T,3,34,train,0.15205,0.9254,0.0003
ConvNeXt-T,3,35,train,0.14692,0.92279,0.0003
ConvNeXt-T,3,36,train,0.12058,0.92081,0.0003
ConvNeXt-T,3,37,train,0.12022,0.93765,0.0003
ConvNeXt-T,3,38,train,0.11872,0.93226,0.0003
ConvNeXt-T,3,39,train,0.11956,0.92514,0.0003
ConvNeXt-T,3,40,train,0.10849,0.93754,0.0001
ConvNeXt-T,3,41,train,0.08576,0.95086,0.0001
ConvNeXt-T,3,42,train,0.10447,0.94449,0.0001
ConvNeXt-T,3,43,train,0.09035,0.94829,0.0001
ConvNeXt-T,3,44,train,0.07977,0.94246,0.0001
ConvNeXt-T,3,45,train,0.08231,0.95094,0.0001
ConvNeXt-T,3,46,train,0.07499,0.94641,0.0001
ConvNeXt-T,3,47,train,0.0764,0.95142,0.0001
ConvNeXt-T,3,48,train,0.07559,0.9516,0.0001
ConvNeXt-T,3,49,train,0.05675,0.95129,0.0001
ConvNeXt-T,3,50,train,0.08302,0.9589,0.0001
ConvNeXt-T,3,51,train,0.07041,0.9639,0.0001
ConvNeXt-T,3,52,train,0.08267,0.95401,3e-05
ConvNeXt-T,3,53,train,0.07534,0.95734,3e-05
ConvNeXt-T,3,54,train,0.05275,0.96038,3e-05
ConvNeXt-T,3,55,train,0.05947,0.96795,3e-05
ConvNeXt-T,3,56,train,0.07632,0.95651,3e-05
ConvNeXt-T,3,57,train,0.06921,0.95704,3e-05
ConvNeXt-T,3,58,train,0.04554,0.9523,3e-05
ConvNeXt-T,3,59,train,0.04869,0.9454,3e-05
ConvNeXt-T,3,60,train,0.07177,0.96366,3e-05
ConvNeXt-T,3,1,val,2.26094,0.46246,0.001
ConvNeXt-T,3,2,val,2.0486,0.49531,0.001
ConvNeXt-T,3,3,val,1.91787,0.52644,0.001
ConvNeXt-T,3,4,val,1.77631,0.55352,0.001
ConvNeXt-T,3,5,val,1.64068,0.57478,0.001
ConvNeXt-T,3,6,val,1.54043,0.61573,0.001
ConvNeXt-T,3,7,val,1.46279,0.63469,0.001
ConvNeXt-T,3,8,val,1.34587,0.65933,0.001
ConvNeXt-T,3,9,val,1.23252,0.68486,0.001
ConvNeXt-T,3,10,val,1.17634,0.69431,0.001
ConvNeXt-T,3,11,val,1.08485,0.70872,0.001
ConvNeXt-T,3,12,val,1.05178,0.73569,0.001
ConvNeXt-T,3,13,val,0.9137,0.74501,0.001
ConvNeXt-T,3,14,val,0.88802,0.76056,0.001
ConvNeXt-T,3,15,val,0.85925,0.77066,0.001
ConvNeXt-T,3,16,val,0.73357,0.77701,0.001
ConvNeXt-T,3,17,val,0.73421,0.7964,0.001
ConvNeXt-T,3,18,val,0.7061,0.80207,0.001
ConvNeXt-T,3,19,val,0.6597,0.81838,0.001
ConvNeXt-T,3,20,val,0.6082,0.8253,0.001
ConvNeXt-T,3,21,val,0.58779,0.8376,0.001
ConvNeXt-T,3,22,val,0.52282,0.84006,0.001
ConvNeXt-T,3,23,val,0.51004,0.8541,0.001
ConvNeXt-T,3,24,val,0.47632,0.84284,0.001
ConvNeXt-T,3,25,val,0.47529,0.87116,0.0003
ConvNeXt-T,3,26,val,0.43314,0.88,0.0003
ConvNeXt-T,3,27,val,0.3689,0.88103,0.0003
ConvNeXt-T,3,28,val,0.39105,0.87892,0.0003
ConvNeXt-T,3,29,val,0.36842,0.89063,0.0003
ConvNeXt-T,3,30,val,0.32265,0.8843,0.0003
ConvNeXt-T,3,31,val,0.35424,0.88549,0.0003
ConvNeXt-T,3,32,val,0.29406,0.89971,0.0003
ConvNeXt-T,3,33,val,0.30268,0.90462,0.0003
ConvNeXt-T,3,34,val,0.3091,0.90473,0.0003
ConvNeXt-T,3,35,val,0.30029,0.90768,0.0003
ConvNeXt-T,3,36,val,0.2748,0.90667,0.0003
ConvNeXt-T,3,37,val,0.24638,0.9145,0.0003
ConvNeXt-T,3,38,val,0.25762,0.91266,0.0003
ConvNeXt-T,3,39,val,0.22203,0.90797,0.0003
ConvNeXt-T,3,40,val,0.21182,0.92303,0.0001
ConvNeXt-T,3,41,val,0.20107,0.92466,0.0001
ConvNeXt-T,3,42,val,0.23341,0.92341,0.0001
ConvNeXt-T,3,43,val,0.21533,0.93075,0.0001
ConvNeXt-T,3,44,val,0.1873,0.92933,0.0001
ConvNeXt-T,3,45,val,0.22434,0.93036,0.0001
ConvNeXt-T,3,46,val,0.17691,0.93034,0.0001
ConvNeXt-T,3,47,val,0.19236,0.93566,0.0001
ConvNeXt-T,3,48,val,0.21169,0.92924,0.0001
ConvNeXt-T,3,49,val,0.16679,0.93733,0.0001
ConvNeXt-T,3,50,val,0.15636,0.94078,0.0001
ConvNeXt-T,3,51,val,0.16917,0.94237,0.0001
ConvNeXt-T,3,52,val,0.12369,0.93889,3e-05
ConvNeXt-T,3,53,val,0.15405,0.93892,3e-05
ConvNeXt-T,3,54,val,0.20204,0.94063,3e-05
ConvNeXt-T,3,55,val,0.18727,0.9468,3e-05
ConvNeXt-T,3,56,val,0.13375,0.93739,3e-05
ConvNeXt-T,3,57,val,0.17885,0.93905,3e-05
ConvNeXt-T,3,58,val,0.13848,0.93272,3e-05
ConvNeXt-T,3,59,val,0.15035,0.93237,3e-05
ConvNeXt-T,3,60,val,0.10289,0.93865,3e-05
ConvNeXt-T,4,1,train,2.16883,0.45293,0.001
ConvNeXt-T,4,2,train,2.01316,0.49306,0.001
ConvNeXt-T,4,3,train,1.84743,0.51808,0.001
ConvNeXt-T,4,4,train,1.73805,0.54833,0.001
ConvNeXt-T,4,5,train,1.57665,0.57097,0.001
ConvNeXt-T,4,6,train,1.45523,0.60912,0.001
ConvNeXt-T,4,7,train,1.35222,0.6318,0.001
ConvNeXt-T,4,8,train,1.2421,0.64022,0.001
ConvNeXt-T,4,9,train,1.17987,0.66832,0.001
ConvNeXt-T,4,10,train,1.10368,0.67544,0.001
ConvNeXt-T,4,11,train,0.98057,0.70286,0.001
ConvNeXt-T,4,12,train,0.90285,0.70826,0.001
ConvNeXt-T,4,13,train,0.86862,0.73753,0.001
ConvNeXt-T,4,14,train,0.77238,0.7438,0.001
ConvNeXt-T,4,15,train,0.73883,0.75641,0.001
ConvNeXt-T,4,16,train,0.675,0.7698,0.001
ConvNeXt-T,4,17,train,0.64802,0.774,0.001
ConvNeXt-T,4,18,train,0.59508,0.8011,0.001
ConvNeXt-T,4,19,train,0.54831,0.81609,0.001
ConvNeXt-T,4,20,train,0.51134,0.80416,0.001
ConvNeXt-T,4,21,train,0.4663,0.8247,0.001
ConvNeXt-T,4,22,train,0.43577,0.83865,0.001
ConvNeXt-T,4,23,train,0.40313,0.83321,0.001
ConvNeXt-T,4,24,train,0.37547,0.84064,0.001
ConvNeXt-T,4,25,train,0.37179,0.87049,0.0003
ConvNeXt-T,4,26,train,0.31214,0.87821,0.0003
ConvNeXt-T,4,27,train,0.30827,0.87185,0.0003
ConvNeXt-T,4,28,train,0.28369,0.88722,0.0003
ConvNeXt-T,4,29,train,0.24673,0.88507,0.0003
ConvNeXt-T,4,30,train,0.24865,0.88896,0.0003
ConvNeXt-T,4,31,train,0.24744,0.89584,0.0003
ConvNeXt-T,4,32,train,0.24363,0.90294,0.0003
ConvNeXt-T,4,33,train,0.20819,0.91091,0.0003
ConvNeXt-T,4,34,train,0.19586,0.90517,0.0003
ConvNeXt-T,4,35,train,0.1815,0.91904,0.0003
ConvNeXt-T,4,36,train,0.19496,0.92097,0.0003
ConvNeXt-T,4,37,train,0.16183,0.91396,0.0003
ConvNeXt-T,4,38,train,0.17511,0.92489,0.0003
ConvNeXt-T,4,39,train,0.13249,0.92364,0.0003
ConvNeXt-T,4,40,train,0.14619,0.92755,0.0001
ConvNeXt-T,4,41,train,0.1383,0.9324,0.0001
ConvNeXt-T,4,42,train,0.13401,0.94495,0.0001
ConvNeXt-T,4,43,train,0.10646,0.93604,0.0001
ConvNeXt-T,4,44,train,0.12494,0.94138,0.0001
ConvNeXt-T,4,45,train,0.0937,0.93913,0.0001
ConvNeXt-T,4,46,train,0.09588,0.93752,0.0001
ConvNeXt-T,4,47,train,0.1002,0.94075,0.0001
ConvNeXt-T,4,48,train,0.10687,0.94754,0.0001
ConvNeXt-T,4,49,train,0.10375,0.94241,0.0001
ConvNeXt-T,4,50,train,0.08889,0.96075,0.0001
ConvNeXt-T,4,51,train,0.09546,0.94967,0.0001
ConvNeXt-T,4,52,train,0.08427,0.94661,3e-05
ConvNeXt-T,4,53,train,0.05848,0.93812,3e-05
ConvNeXt-T,4,54,train,0.10212,0.94769,3e-05
ConvNeXt-T,4,55,train,0.09177,0.9604,3e-05
ConvNeXt-T,4,56,train,0.07602,0.95633,3e-05
ConvNeXt-T,4,57,train,0.06891,0.95723,3e-05
ConvNeXt-T,4,58,train,0.07112,0.9498,3e-05
ConvNeXt-T,4,59,train,0.08645,0.9543,3e-05
ConvNeXt-T,4,60,train,0.06638,0.95377,3e-05
ConvNeXt-T,4,1,val,2.25661,0.45378,0.001
ConvNeXt-T,4,2,val,2.10795,0.49144,0.001
ConvNeXt-T,4,3,val,1.98182,0.51788,0.001
ConvNeXt-T,4,4,val,1.85482,0.54454,0.001
ConvNeXt-T,4,5,val,1.69849,0.56662,0.001
ConvNeXt-T,4,6,val,1.63083,0.60336,0.001
ConvNeXt-T,4,7,val,1.55039,0.62714,0.001
ConvNeXt-T,4,8,val,1.47361,0.63367,0.001
ConvNeXt-T,4,9,val,1.37116,0.658,0.001
ConvNeXt-T,4,10,val,1.26868,0.67091,0.001
ConvNeXt-T,4,11,val,1.19008,0.69468,0.001
ConvNeXt-T,4,12,val,1.11238,0.70004,0.001
ConvNeXt-T,4,13,val,1.04488,0.72926,0.001
ConvNeXt-T,4,14,val,0.98312,0.73213,0.001
ConvNeXt-T,4,15,val,0.92559,0.74125,0.001
ConvNeXt-T,4,16,val,0.88337,0.7599,0.001
ConvNeXt-T,4,17,val,0.82252,0.77012,0.001
ConvNeXt-T,4,18,val,0.7715,0.7909,0.001
ConvNeXt-T,4,19,val,0.75819,0.8011,0.001
ConvNeXt-T,4,20,val,0.73492,0.79669,0.001
ConvNeXt-T,4,21,val,0.66837,0.80752,0.001
ConvNeXt-T,4,22,val,0.62382,0.82191,0.001
ConvNeXt-T,4,23,val,0.58512,0.81857,0.001
ConvNeXt-T,4,24,val,0.55988,0.82568,0.001
ConvNeXt-T,4,25,val,0.53474,0.85627,0.0003
ConvNeXt-T,4,26,val,0.51297,0.86149,0.0003
ConvNeXt-T,4,27,val,0.50753,0.85592,0.0003
ConvNeXt-T,4,28,val,0.48354,0.86846,0.0003
ConvNeXt-T,4,29,val,0.42527,0.87188,0.0003
ConvNeXt-T,4,30,val,0.44735,0.87354,0.0003
ConvNeXt-T,4,31,val,0.43865,0.87937,0.0003
ConvNeXt-T,4,32,val,0.38439,0.88852,0.0003
ConvNeXt-T,4,33,val,0.35713,0.89697,0.0003
ConvNeXt-T,4,34,val,0.38663,0.89226,0.0003
ConvNeXt-T,4,35,val,0.32352,0.90099,0.0003
ConvNeXt-T,4,36,val,0.34474,0.90421,0.0003
ConvNeXt-T,4,37,val,0.30635,0.89385,0.0003
ConvNeXt-T,4,38,val,0.30322,0.90681,0.0003
ConvNeXt-T,4,39,val,0.28037,0.90256,0.0003
ConvNeXt-T,4,40,val,0.2868,0.91122,0.0001
ConvNeXt-T,4,41,val,0.26868,0.91384,0.0001
ConvNeXt-T,4,42,val,0.23726,0.92133,0.0001
ConvNeXt-T,4,43,val,0.24704,0.92039,0.0001
ConvNeXt-T,4,44,val,0.24038,0.92117,0.0001
ConvNeXt-T,4,45,val,0.19557,0.91766,0.0001
ConvNeXt-T,4,46,val,0.21264,0.92541,0.0001
ConvNeXt-T,4,47,val,0.22786,0.91829,0.0001
ConvNeXt-T,4,48,val,0.22942,0.92992,0.0001
ConvNeXt-T,4,49,val,0.19905,0.92756,0.0001
ConvNeXt-T,4,50,val,0.19723,0.94132,0.0001
ConvNeXt-T,4,51,val,0.17131,0.93014,0.0001
ConvNeXt-T,4,52,val,0.19809,0.93004,3e-05
ConvNeXt-T,4,53,val,0.179,0.92433,3e-05
ConvNeXt-T,4,54,val,0.19286,0.9306,3e-05
ConvNeXt-T,4,55,val,0.19319,0.94297,3e-05
ConvNeXt-T,4,56,val,0.1692,0.93455,3e-05
ConvNeXt-T,4,57,val,0.17769,0.93949,3e-05
ConvNeXt-T,4,58,val,0.18308,0.93139,3e-05
ConvNeXt-T,4,59,val,0.16121,0.93535,3e-05
ConvNeXt-T,4,60,val,0.15307,0.93707,3e-05
